business_name,street_address,city,state,zip,phone,website,google_rating,review_count,hours_monday,hours_tuesday,hours_wednesday,hours_thursday,hours_friday,hours_saturday,hours_sunday,latitude,longitude
Allentown Running Club,,Semmes,AL,36575,,http://www.rrca.org/programs/kids-run-the-nation-program/,,,,,,,,,,,
Anniston Runners Club,,Anniston,AL,36202,,,,,,,,,,,,,
Auburn Opelika Running &amp; Track Association (AORTA),,Auburn,AL,36830,,,,,,,,,,,,,
Birmingham Track Club,,Birmingham,AL,35253,,,,,,,,,,,,,
Cahaba Distance Project,,Homewood,AL,35209,,http://cahabadistance.com,,,,,,,,,,,
Coach Brian Darr,,NORTHPORT,AL,35475,,http://www.coachbriandarr.com,,,,,,,,,,,
F2FS,,Adamsville,AL,35005,,,,,,,,,,,,,
Gadsden Runners Club,,Gadsden,AL,35902,,,,,,,,,,,,,
Huntsville Track Club,,Huntsville,AL,35802,,,,,,,,,,,,,
Johnny V Cole,,Westbrook,AL,04092,,,,,,,,,,,,,
Northeast Alabama Bicycle Association,,Anniston,AL,36202,,http://www.neaba.net,,,,,,,,,,,
Race Ready Runners,,Athens,AL,35613,,,,,,,,,,,,,
River Region Runners,,Montgomery,AL,36124,,,,,,,,,,,,,
Team Rocket Tri Club,,HUNTSVILLE,AL,35801,,,,,,,,,,,,,
Test Club,,Kimberley,AL,10001,,,,,,,,,,,,,
Tuscaloosa Track Club,,Tuscaloosa,AL,35402,,,,,,,,,,,,,
Uniontown Color Run Training Club,,Tuscaloosa,AL,35487,,,,,,,,,,,,,
Alaska Triathlon Club,,Anchorage,AK,99523,,,,,,,,,,,,,
Anchorage Running Club,,Anchorage,AK,99524,,https://anchoragerunningclub.org/,,,,,,,,,,,
Arctic Bicycle Club,,Anchorage,AK,99511,,,,,,,,,,,,,
Chugiak-Eagle River Nordic Ski Club,,Eagle River,AK,99577,,http://www.ernsc.org,,,,,,,,,,,
Destination Race,,Anchorage,AK,99501,,http://skinnyraven.com,,,,,,,,,,,
Intro to Run,,Anchorage,AK,99501,,https://skinnyraven.com/raven-run-club/,,,,,,,,,,,
Kachemak Bay Running Club,,Homer,AK,99603,,,,,,,,,,,,,
Ketchikan Running Club,,Ketchikan,AK,99901,,,,,,,,,,,,,
MatSu Running Club,,Palmer,AK,99645,,,,,,,,,,,,,
Mount Marathon Lottery Group,,Seward,AK,99664,,https://mountmarathon.com,,,,,,,,,,,
Raven Run Club,,Anchorage,AK,99501,,,,,,,,,,,,,
Raven Run Club Youth,,Anchorage,AK,99502,,,,,,,,,,,,,
Shaina Murray Coaching,,Kodiak,AK,99615,,,,,,,,,,,,,
Skinny Raven Half Training Group,,Anchorage,AK,99501,,,,,,,,,,,,,
test,,Test,AK,12345,,http://www.test.com,,,,,,,,,,,
Turnagain Training Kid&#039;s Club,,Anchorage,AK,99516,,,,,,,,,,,,,
Arizona Road Racers,,Phoenix,AZ,85022,,,,,,,,,,,,,
East Valley Runners,,Chandler,AZ,85248,,https://www.meetup.com/east-valley-runners/,,,,,,,,,,,
Finish Strong Endurance Coaching,,Oro Valley,AZ,85737,,,,,,,,,,,,,
Flagstaff ROAM - Runners On A Mission,,Flagstaff,AZ,86004,,,,,,,,,,,,,
Jake&#039;s Running Fantasy,,Gilbert,AZ,85295,,,,,,,,,,,,,
Mesa Stride,,Tempe,AZ,85282,,,,,,,,,,,,,
Northern Arizona Trail Runners Association,,Flagstaff,AZ,86001,,,,,,,,,,,,,
Race Timers Race Club,,Avondale,AZ,85392,,http://RaceTimers.com,,,,,,,,,,,
Run After School,,Avondale,AZ,85392,,http://www.runafterschool.org,,,,,,,,,,,
Southern Arizona Regional Triathlon Club,,Oro Valley,AZ,85737,,http://www.trioyl.com,,,,,,,,,,,
Southern Arizona Roadrunners,,Tucson,AZ,85728,,,,,,,,,,,,,
Step into Running by Team Run Flagstaff,,Flagstaff,AZ,86001,,http://www.teamrunflagstaff.org,,,,,,,,,,,
TCE Run Club,,Scottsdale,AZ,85260,,http://www.thunderbirdelementary.org,,,,,,,,,,,
Team Run Flagstaff,,Flagstaff,AZ,86001,,,,,,,,,,,,,
Team Run Flagstaff Youth,,Flagstaff,AZ,86002,,http://www.teamrunflagstaff.org,,,,,,,,,,,
Tucson Track Club,,Tucson,AZ,85718,,,,,,,,,,,,,
Valley Runners Run Club,,Phoenix,AZ,85013,,https://valleyrunnersaz.com,,,,,,,,,,,
Verrado Run Club,,Buckeye,AZ,85396,,,,,,,,,,,,,
Yuma Desert Runners,,Yuma,AZ,85366,,http://www.yumadesertrunners.org,,,,,,,,,,,
Arkansas Running Klub,,Sherwood,AR,72120,,,,,,,,,,,,,
Arkansas Ultra Running Association,,Little Rock,AR,72227,,,,,,,,,,,,,
Cabot Country Cruisers,,Austin,AR,72007,,,,,,,,,,,,,
Conway Running Club,,Conway,AR,72032,,,,,,,,,,,,,
Fun Arkansas Run Team,,Little Rock,AR,72205,,,,,,,,,,,,,
Hot Legs Road Runners Club,,Sherwood,AR,72120,,https://hotlegsrunforfun.org/,,,,,,,,,,,
Joy Run,,Conway,AR,72034,,http://www.burnstudioconway.com,,,,,,,,,,,
Little Rock Roadrunners Club,,Little Rock,AR,72221,,,,,,,,,,,,,
River Valley Runners,,Russellville,AR,72811,,,,,,,,,,,,,
Saline County Striders,,Benton,AR,72018,,,,,,,,,,,,,
Searcy Kids Track Night,,Searcy,AR,72149,,,,,,,,,,,,,
Searcy Rush,,Searcy,AR,72143,,,,,,,,,,,,,
SPA Pacers,,Hot Springs,AR,71902,,https://arkrrca.com/2026-grand-prix-xliv/,,,,,,,,,,,
Western Arkansas Runners,,Barling,AR,72923,,,,,,,,,,,,,
100 Mile Club: Friends &amp; Family,,Norco,CA,92860,,,,,,,,,,,,,
2022  Early Winter Run Club,,Encinitas,CA,92024,,http://www.seasidestridersrunningclub.com,,,,,,,,,,,
2023 SSRC Fall Run Club,,Encinitas,CA,92024,,http://www.seasidestridersrunningclub.com,,,,,,,,,,,
2023 Summer Run Club,,Encinitas,CA,92024,,http://www.seasidestridersrunningclub.com,,,,,,,,,,,
2024 SSRC SPRING RUN CLUB,,Encinitas,CA,92024,,,,,,,,,,,,,
"2025 Fleet Feet Annadel Training Group (5K, 10K and Half Marathon)",,Santa Rosa,CA,95404,,,,,,,,,,,,,
2025 Fleet Feet Windsor 5K/10K/Half Marathon Training,,Santa Rosa,CA,95405,,,,,,,,,,,,,
2026 Modesto Moves Membership &amp; Training SIGNUPS,,Modesto,CA,95356,,,,,,,,,,,,,
2026 ShadowChase CLUB MEMBERSHIP  &amp; Training Team REGISTRATION,,Modesto,CA,95352,,,,,,,,,,,,,
Activitynut Club,,Fresno,CA,93720,,,,,,,,,,,,,
All Things Running,,Dana Point,CA,92629,,http://jessica.allthingsrunning@gmail.com,,,,,,,,,,,
Anatolia Runs,,Rancho Cordova,CA,95742,,,,,,,,,,,,,
Annadel 5K/10K/Half Marathon Training 2024,,Santa Rosa,CA,95404,,,,,,,,,,,,,
Bakersfield Track Club,,Bakersfield,CA,93390,,,,,,,,,,,,,
BayLands FrontRunners RSU-TEST,,Palo Alto,CA,94303,,,,,,,,,,,,,
Beg Trail Group -- 10K distance -- Fall 2021,,Santa Rosa,CA,95405,,,,,,,,,,,,,
Beg-Int Trail Group (April &amp; May),,Santa Rosa,CA,95401,,,,,,,,,,,,,
Blend Fitness,,Morgan Hill,CA,95037,,,,,,,,,,,,,
Blissful Babe Run Club,,Modesto,CA,95350,,,,,,,,,,,,,
Bolting Bears Kids Club Fall 2019-Level 1,,Hathaway Pines,CA,95233,,http://www.boltingbears.com,,,,,,,,,,,
California Fall Classic 55KM and 100KM Training Camp,,Santa Rosa,CA,95401,,,,,,,,,,,,,
California International Marathon (CIM) Training,,Santa Rosa,CA,95405,,http://fleetfeetsantarosa.com,,,,,,,,,,,
Chico Running Club,,Chico,CA,95927,,,,,,,,,,,,,
Classic Running Club,,Fresno,CA,93722,,,,,,,,,,,,,
Clo Cow 5K and Half Marathon 2023,,Santa Rosa,CA,95404,,http://Fleetfeetsantarosa.com,,,,,,,,,,,
Club 262,,Norco,CA,92860,,,,,,,,,,,,,
Coach Kitzzy,,San Francisco,CA,94123,,,,,,,,,,,,,
Delta Limitless,,Brentwood,CA,94513,,http://eteamz.com/deltalimitless,,,,,,,,,,,
Digital Tamil Nadu,,Los Angeles,CA,90002,,,,,,,,,,,,,
Dolphin South End Runners,,San Francisco,CA,94121,,http://www.dserunners.com,,,,,,,,,,,
Donner Party Mountain Runners,,Truckee,CA,96160,,https://www.DonnerPartyMountainRunners.com,,,,,,,,,,,
Dusty Bottoms Trail Runners,,Modesto,CA,95350,,,,,,,,,,,,,
East Bay Front Runners and Walkers,,Oakland,CA,94601,,,,,,,,,,,,,
Edenvale Runners Club,,San Jose,CA,95111,,,,,,,,,,,,,
Empresa Run Club,,RSM,CA,92688,,,,,,,,,,,,,
Fleet Feet Downtown Pub Runs,,Santa Rosa,CA,95404,,http://fleetfeetsantarosa,,,,,,,,,,,
Fleet Feet Fall 2024 Training,,Santa Rosa,CA,95404,,,,,,,,,,,,,
Fleet Feet Fall Trail Running Intermediate Group,,Santa Rosa,CA,95404,,,,,,,,,,,,,
Fleet Feet Fun Runs at Barlow Center,,Sebastopol,CA,95472,,http://fleetfeetsantarosa,,,,,,,,,,,
Fleet Feet Salt Point Running Club,,Santa Rosa,CA,95404,,http://www.Fleetfeetsantarosa.com,,,,,,,,,,,
Fleet Feet Santa Rosa Trail Group,,Santa Rosa,CA,95404,,,,,,,,,,,,,
Fleet Feet SPRING Trail Running Group 10KM and Half Marathon distances,,Santa Rosa,CA,95401,,,,,,,,,,,,,
Freedom Running,,Hanford,CA,93230,,https://www.artleticapparel.com/collections/freedom-running-brand?_pos=1&amp;_psq=freed&amp;_ss=e&amp;_v=1.0,,,,,,,,,,,
G3 Health &amp; Wellness Solutions,,Loma Linda,CA,92354,,,,,,,,,,,,,
G3 Health Solutions,,Loma Linda,CA,92354,,,,,,,,,,,,,
Golden Gate Running Club,,San Francisco,CA,94114,,,,,,,,,,,,,
Grizzly Peak Cyclists,,Walnut Creek,CA,94597,,,,,,,,,,,,,
H&amp;S Run Club,,Santa Rosa,CA,95405,,,,,,,,,,,,,
Hallowine Half Marathon and 10K,,Santa Rosa,CA,95404,,http://www.Fleetfeetsantarosa.com,,,,,,,,,,,
HAWKS ATHLETIC SPORTS,,Southern California,CA,91740,,http://www.HawksTrackClub.com,,,,,,,,,,,
High Desert Runners,,Lancaster,CA,93539,,,,,,,,,,,,,
IBProFun Run Club,,Bakersfield,CA,93312,,,,,,,,,,,,,
Inside Track Running Club,,Ventura,CA,93001,,http://www.insidetrackventura.com,,,,,,,,,,,
Iwakuni Youth Road Runners,,FPO,CA,96310,,,,,,,,,,,,,
Joe&#039;s Running Club,,demo,CA,95616,,http://rusignup.com,,,,,,,,,,,
Kids from Union,,McKinleyville,CA,95519,,,,,,,,,,,,,
Kids Run the Nation Program Template,,Northridge,CA,91324,,http://www.GettingKidsFit.com,,,,,,,,,,,
LA Running School,,Pasadena,CA,91105,,,,,,,,,,,,,
LLA Roadrunners Run Club,,Redlands,CA,92373,,,,,,,,,,,,,
Los Angeles Frontrunners,,Los Angeles,CA,90039,,,,,,,,,,,,,
Los Angeles Running Club,,Los Angeles,CA,90034,,https://www.strava.com/dashboard,,,,,,,,,,,
Marathon Training Wild Runners,,Fair Oaks,CA,95628,,,,,,,,,,,,,
Mendocino Half Marathon &amp; 10K Trail Training,,Santa Rosa,CA,95404,,http://ffsantarosa.com,,,,,,,,,,,
Merced Running Club,,Merced,CA,95344,,,,,,,,,,,,,
Mighty Youth Runners,,Los Altos,CA,94024,,http://www.mightyyouthrunners.com,,,,,,,,,,,
Mindful Pace Run Coaching,,"Sunnyvale, CA",CA,94085,,,,,,,,,,,,,
New Basin Blues Running Club,,Woodland Hills,CA,91365,,,,,,,,,,,,,
NoBoundaries 5K,,Santa Rosa,CA,95405,,http://www.fleetfeetsantarosa.com,,,,,,,,,,,
North Coast Striders,,Ukiah,CA,95482,,,,,,,,,,,,,
orange county track club,,Anaheim,CA,92806,,http://www.orangecountytrackclub,,,,,,,,,,,
Over the Hill Track Club,,Ridgecrest,CA,93556,,,,,,,,,,,,,
Palm Springs Track Club,,Palm Springs,CA,92262,,,,,,,,,,,,,
Pedestrian Nation,,Bakersfield,CA,93301,,https://andynoise.com/pedestrian-nation/,,,,,,,,,,,
River City Rebels,,Sacramento,CA,95816,,,,,,,,,,,,,
River City Rebels Training,,Sacramento,CA,95820,,,,,,,,,,,,,
Riverside Road Runners,,Riverside,CA,92516,,,,,,,,,,,,,
Runners for Public Lands,,Ventura,CA,93001,,http://www.runnersforpubliclands.org,,,,,,,,,,,
Runners4charity,,simi valley,CA,93065,,,,,,,,,,,,,
Running.Besties,,Fontana,CA,92336,,,,,,,,,,,,,
Sacred Heart Run Club,,Palm Desert,CA,92260,,,,,,,,,,,,,
SACTOWN RUNNING,,Sacramento,CA,95818,,,,,,,,,,,,,
San Diego Beachside Runners,,San Diego,CA,92111,,,,,,,,,,,,,
San Joaquin Trail Runners,,Fresno,CA,93730,,,,,,,,,,,,,
Santa Barbara Cruisers (SBC) - Running Camp/Club,,Santa Barbara,CA,93117,,,,,,,,,,,,,
Santa Clarita Runners Club,,Santa Clarita,CA,95010,,,,,,,,,,,,,
Santa Cruz Track Club Youth Program,,Santa Cruz,CA,95062,,,,,,,,,,,,,
Santa Rosa Intermediate Trail Group (April and May),,Santa Rosa,CA,95401,,,,,,,,,,,,,
Santa Rosa Marathon 13.1 M/10K/5K Training,,Santa Rosa,CA,95404,,http://www.Fleetfeetsantarosa.com,,,,,,,,,,,
SDCCS Running Club 2014-15,,San Diego,CA,92111,,,,,,,,,,,,,
Sean&#039;s Club,,Berkeley,CA,94709,,http://www.sbrient.com,,,,,,,,,,,
Seaside Striders 2020 Spring Run Club,,Encinitas,CA,92024,,http://www.seasidestridersrunningclub.com,,,,,,,,,,,
Seaside Striders 2022 Spring Session,,Encinitas,CA,92024,,http://www.seasidestridersrunningclub.com,,,,,,,,,,,
Seaside Striders 2022 Summer Run Club,,"Encinitas,",CA,92024,,http://www.seasidestridersrunningclub.com,,,,,,,,,,,
Seaside Striders 2022 Winter Run Club,,Encinitas,CA,92024,,http://www.seasidestridersrunningclub.com,,,,,,,,,,,
Seaside Striders 2023 Spring Run Club,,Encinitas,CA,92024,,http://www.seasidestridersrunningclub.com,,,,,,,,,,,
Seaside Striders 2023 Winter Run Club,,Encinitas,CA,92024,,http://seasidestridersrunningclub.com,,,,,,,,,,,
Seaside Striders Early Spring Run Club,,Encinitas,CA,92024,,http://www.seasidestridersrunningclub.com,,,,,,,,,,,
Seaside Striders Early Summer Run Club,,Encinitas,CA,92024,,http://seasidestridersrunningclub.com,,,,,,,,,,,
Seaside Striders Fall 2021 Session #1,,Encinitas,CA,92024,,http://www.seasidestridersrunningclub.com,,,,,,,,,,,
Seaside Striders Fall Run Club - Session 1,,Encinitas,CA,92024,,http://www.seasidestridersrunningclub.com,,,,,,,,,,,
Seaside Striders Fall Run Club - Session 2,,Encinitas,CA,92024,,http://www.seasidestridersrunningclub.com,,,,,,,,,,,
Seaside Striders Fall Run Club 2022,,Encinitas,CA,92024,,http://www.seasidestridersrunningclub.com,,,,,,,,,,,
Seaside Striders Fall/Holiday Season Session #2,,Encinitas,CA,92024,,http://www.seasidestridersrunningclub.com,,,,,,,,,,,
Seaside Striders Running Club,,Encinitas,CA,92024,,http://www.seasidestridersrunningclub.com,,,,,,,,,,,
Seaside Striders Running Club 2021 Spring Session 1,,Encinitas,CA,92024,,http://www.seasidestridersrunningclub.com,,,,,,,,,,,
Seaside Striders Running Club Spring Session # 2,,Encinitas,CA,92024,,http://www.seasidestridersrunningclub.com,,,,,,,,,,,
Seaside Striders Summer Run Club 2021,,Encinitas,CA,92024,,http://www.seasidestridersrunningclub.com,,,,,,,,,,,
Seaside Striders Winter Run Club 1,,Encinitas,CA,92024,,http://seasidestridersrunningclub.com,,,,,,,,,,,
Sierra Challenge Express Running Club,,Fresno,CA,93730,,,,,,,,,,,,,
Sierra Express Bicycle Club of Nevada County,,Grass Valley,CA,95945,,,,,,,,,,,,,
Sierra TrailBlazers,,Grass Valley,CA,95945,,,,,,,,,,,,,
Six Rivers Running Club,,Arcata,CA,95518,,,,,,,,,,,,,
So Cal Pacers,,Chino Hills,CA,91709,,,,,,,,,,,,,
Sonoma County 2025 NoBoundaries 5K Finish Training,,Santa Rosa,CA,95404,,,,,,,,,,,,,
South Bay Runners Club,,Manhattan Beach,CA,90266,,,,,,,,,,,,,
South Coast Roadrunners,,Irvine,CA,92604,,,,,,,,,,,,,
SSRC 2024 SUMMER RUN CLUB,,Encinitas,CA,92024,,,,,,,,,,,,,
SSRC 2024 Winter Run Club,,Encinitas,CA,92024,,,,,,,,,,,,,
SSRC Early Winter Run Club,,Encinitas,CA,92024,,http://www.seasidestridersrunningclub.com,,,,,,,,,,,
SSRC Winter Run Club - Session 2,,Encinitas,CA,92024,,http://www.seasidestridersrunningclub.com,,,,,,,,,,,
Strawberry Canyon Track Club,,Berkeley,CA,94701,,,,,,,,,,,,,
SWEAT RUNNING CLUB,,REDDING,CA,96099,,,,,,,,,,,,,
Tamalpa Runners,,San Rafael,CA,94913,,,,,,,,,,,,,
TC3-Triathlon Club of Central California,,CLOVIS,CA,93611,,,,,,,,,,,,,
TDG,,Los Angeles,CA,90028,,http://larunclub.com,,,,,,,,,,,
The Lopers Club,,Loma Linda,CA,92350,,,,,,,,,,,,,
The NliveN Movement,,Santa Cruz,CA,95060,,,,,,,,,,,,,
Tulare Joggers,,Tulare,CA,93274,,,,,,,,,,,,,
USA Fit East Bay,,Danville,CA,94526,,http://usafiteastbay.com/,,,,,,,,,,,
USA Fit San Francisco Marathon and Half Marathon Training Program,,San Francisco,CA,94132,,http://www.usafitsanfrancisco.com,,,,,,,,,,,
USA Marathon Training,,Santa Monica,CA,90405,,http://www.USAMarathonTraining.com,,,,,,,,,,,
Vendurance Tribe,,Ventura,CA,93001,,http://www.Vendurance.com,,,,,,,,,,,
Ventura Running Club,,Ventura,CA,93001,,,,,,,,,,,,,
Ventura Running Tribe,,Ventura,CA,93003,,http://www.Vendurance.com,,,,,,,,,,,
Visalia Runners,,Visalia,CA,93279,,,,,,,,,,,,,
Walnut Creek Run Club,,Walnut Creek,CA,94597,,http://www.WalnutCreekRunClub.com,,,,,,,,,,,
Watsonville Kids Running Club,,Freedom,CA,95019,,http://www.watsonvillerunning.org,,,,,,,,,,,
Windsor 5K/10K/Half Marathon 2024,,Santa Rosa,CA,95404,,,,,,,,,,,,,
Windsor Green 10K or Half Marathon Training,,Santa Rosa,CA,95405,,http://fleetfeetsantarosa.com,,,,,,,,,,,
Winters Runners and Walkers Club,,Winters,CA,95694,,,,,,,,,,,,,
Wolfpack Pentathlon Club,,Santa Clara,CA,95054,,,,,,,,,,,,,
Yosemite Running Club,,Mariposa,CA,95338,,http://YosemiteRunningClub.com,,,,,,,,,,,
5280 Runners,,DENVER,CO,80231,,http://5280runners.com,,,,,,,,,,,
Boulder Road Runners,,Boulder,CO,80306,,https://www.bonfire.com/org/boulder-road-runners-742112576/,,,,,,,,,,,
Breckenridge CO Run Club,,Breckenridge,CO,80424,,https://greatruns.com/location/summit-county-co/,,,,,,,,,,,
Colorado Masters Running/Racewalking Association,,Arvada,CO,80007,,,,,,,,,,,,,
Dan Schaefer&#039;s Awesome Marathon Training Club,,Niwot,CO,80503,,,,,,,,,,,,,
Durango Running Club,,Durango,CO,81302,,http://durangorunningclub.org,,,,,,,,,,,
Durango Tri Club,,Durango,CO,81301,,https://www.trisignup.com/MemberOrg/DurangoTriClub/Page/Events,,,,,,,,,,,
Excel Academy,,Arvada,CO,80005,,,,,,,,,,,,,
Fort Collins Running Club,,Fort Collins,CO,80527,,https://horsetooth-half.com/training/,,,,,,,,,,,
Human Potential Running Series,,Arvada,CO,80004,,http://www.HumanPotentialRunning.com,,,,,,,,,,,
Jon Dale&#039;s Coaching,,Denver,CO,80238,,,,,,,,,,,,,
LA Youth Running Club,,Las Animas,CO,81054,,,,,,,,,,,,,
Lawda ello,,Rifle,CO,81650,,,,,,,,,,,,,
No Limits Endurance Coaching,,Anywhere You Are,CO,12345,,,,,,,,,,,,,
NOZERODAYS,,CASTLE ROCK,CO,80109,,https://nozerodays.com/,,,,,,,,,,,
Pikes Peak Road Runners,,Colorado Springs,CO,80903,,,,,,,,,,,,,
Rocky Mountain Road Runners,,Denver,CO,80210,,,,,,,,,,,,,
run.Windsor Run Club,,Windsor,CO,80550,,,,,,,,,,,,,
Running Cardinals,,Parachute,CO,81635,,,,,,,,,,,,,
Severance Striders,,Severance,CO,80550,,,,,,,,,,,,,
Southern Colorado Runners &amp; Triathlon Club,,Pueblo,CO,81008,,,,,,,,,,,,,
Sweetheart City Racing - Yearly Membership,,Loveland,CO,80537,,,,,,,,,,,,,
Telluride Running Club,,Telluride,CO,81435,,http://www.telluriderunningclub.com,,,,,,,,,,,
The Cool Kids,,Boulder,CO,99092,,,,,,,,,,,,,
theBERRY Colorado Hump Day 5K,,DENVER,CO,80220,,,,,,,,,,,,,
Triathlon Season Pass,,Boulder,CO,80301,,,,,,,,,,,,,
USA Fit Denver Marathon and Half Marathon Training Program,,Denver,CO,80209,,http://www.denverfit.com,,,,,,,,,,,
WhitFit,,Fort Collins,CO,80526,,http://www.strengthinlight.com,,,,,,,,,,,
26.2 BY 5.15,,Guilford,CT,06437,,,,,,,,,,,,,
Achieve Coaching for Runners,,Plantsville,CT,06479,,,,,,,,,,,,,
Baby-Sitter&#039;s Club,,Stoneybrook,CT,23230,,https://www.scholastic.com/annmartin/bsc/,,,,,,,,,,,
Club Connecticut,,Norwalk,CT,06850,,,,,,,,,,,,,
Glastonbury River Runners,,Glastonbury,CT,06033,,,,,,,,,,,,,
Greenwich Road Runners,,Greenwich,CT,06830,,,,,,,,,,,,,
Hartford Track Club,,Farmington,CT,06377,,,,,,,,,,,,,
Leading Edge Run Coaching,,Stamford,CT,06903,,,,,,,,,,,,,
Manchester Running Club,,Manchester,CT,06040,,,,,,,,,,,,,
Middlebrook Milers,,Trumbull,CT,06611,,,,,,,,,,,,,
Milford Road Runners,,Milford,CT,06460,,,,,,,,,,,,,
Mohegan Striders,,New London,CT,06320,,,,,,,,,,,,,
Pequot Running Club,,Southport,CT,06890,,,,,,,,,,,,,
Roxbury Road Runners Club,,Roxbury,CT,06783,,,,,,,,,,,,,
Run Club 203,,Middlebury,CT,06762,,,,,,,,,,,,,
ShenipsitStriders,,Ellington,CT,06029,,,,,,,,,,,,,
Team Mossman Triathlon Club,,Hamden,CT,06514,,,,,,,,,,,,,
Team Tribute-Clinton,,Clinton,CT,06413,,,,,,,,,,,,,
Bethany Beach Running Company,,Ocean View,DE,19970,,,,,,,,,,,,,
Fusion Running Club,,Newark,DE,19711,,,,,,,,,,,,,
New Balance Delaware,,Newark,DE,19713,,http://nbretail.com/,,,,,,,,,,,
ODBH WOHA-Run Club,,Wilmington,DE,19807,,,,,,,,,,,,,
STAR Running/Walking Club,,Newark,DE,19713,,http://chs.udel.edu,,,,,,,,,,,
Zipzap athletic run club,,Milford,DE,19963,,http://Zipzap athletic run club,,,,,,,,,,,
"2015 Suncoast Striders Mile Club (2000, 1000, 500)",,Bradenton,FL,34205,,http://www.SuncoastStriders.com,,,,,,,,,,,
3D Running Club,,Tampa,FL,33647,,,,,,,,,,,,,
Ahoy Mates Running Club,,st augustine,FL,32095,,,,,,,,,,,,,
Best Damn Run Club,,Pinellas Park,FL,33782,,https://www.strava.com/clubs/1684183,,,,,,,,,,,
Big Bend Fitness Club,,Perry,FL,32347,,,,,,,,,,,,,
Bradenton Runners Club,,Bradenton,FL,34206,,,,,,,,,,,,,
Brandon Running,,Brandon,FL,33511,,,,,,,,,,,,,
Clermont Triathlon Club,,Clermont,FL,34711,,,,,,,,,,,,,
Coaching,,Pensacola,FL,32534,,,,,,,,,,,,,
Cool Kids Club,,Jacksonville,FL,32256,,,,,,,,,,,,,
Corsair Training,,DEBARY,FL,32713,,,,,,,,,,,,,
Dashers Run Club,,Davie,FL,33328,,http://www.dashersrunning.com,,,,,,,,,,,
Destiny Speed Track Club,,Tallahassee,FL,32303,,,,,,,,,,,,,
Endeavor Running CO.,,Ocala,FL,34471,,,,,,,,,,,,,
Endeavor Running CO. Florida,,Ocala,FL,34471,,,,,,,,,,,,,
Endurance House Jax Training Teams,,Jacksonville,FL,32205,,http://jacksonville.endurancehouse.com/,,,,,,,,,,,
FishHawk Road Runners,,Brandon,FL,33508,,,,,,,,,,,,,
Fit Together Fitness RC,,Zephyrhills,FL,33542,,,,,,,,,,,,,
Fleet Feet Pensacola Run Club,,pensacola,FL,32502,,,,,,,,,,,,,
Fleet Feet Pensacola Tuesday and Thursday Run Club,,Pensacola,FL,32502,,,,,,,,,,,,,
Florida Track,,Gainesville,FL,32607,,http://www.floridatrackclub.org,,,,,,,,,,,
Florida Track Club,,Gainesville,FL,32604,,http://www.floridatrackclub.org/,,,,,,,,,,,
Fort Myers Track Club,,Fort Myers,FL,33906,,,,,,,,,,,,,
Freedom High School Track &amp; Field 2025,,Tampa,FL,33647,,,,,,,,,,,,,
Freedom Running Club,,Lutz,FL,33549,,https://api.leadconnectorhq.com/widget/bookings/freedomrunningclubsxerzkj,,,,,,,,,,,
Friends of LOUD Runners,,Tampa,FL,33609,,,,,,,,,,,,,
"Friends of O&#039;Leno, Inc (&amp; River Rise)",,High Springs,FL,32643,,,,,,,,,,,,,
Friends of the Withlacoochee State Trail,,Inverness,FL,34450,,,,,,,,,,,,,
GCP,,Sarasota,FL,34232,,,,,,,,,,,,,
Glow After Hours Run Club,,Miami,FL,33175,,,,,,,,,,,,,
GoodForm,,Tallahassee,FL,32311,,,,,,,,,,,,,
Gulf Coast Runners,,Naples,FL,34101,,,,,,,,,,,,,
Gulf Winds Track Club,,Tallahassee,FL,32315,,,,,,,,,,,,,
"Happy Trails Run Club, LLC",,Miami,FL,33186,,http://www.happytrailsrc.com,,,,,,,,,,,
HIGH FIVE 305 MIAMI’S VIRTUAL RUN CLUB,,Miami,FL,33133,,,,,,,,,,,,,
Inspired Fitness,,Naples,FL,34113,,,,,,,,,,,,,
ISNP-Kids Run The Nation,,North Port,FL,34289,,http://www.imaginenorthport.com,,,,,,,,,,,
Jamie Bennett Fitness,,Mulberry,FL,33860,,http://jamiebennettfitness.com,,,,,,,,,,,
Kennedy Law Racing Multi-Sport Team,,Palm Harbor,FL,34684,,,,,,,,,,,,,
Key West Southernmost Runners,,Key West,FL,33045,,,,,,,,,,,,,
Kids Love to Run,,Sarasota,FL,34237,,https://kidslovetorun.com/,,,,,,,,,,,
Kids Love to Run 2019,,Sarasota,FL,34237,,https://kidslovetorun.com/,,,,,,,,,,,
Lakeland Runners Club,,Lakeland,FL,33802,,,,,,,,,,,,,
Lakewood Ranch Track and Field,,Bradenton,FL,34211,,,,,,,,,,,,,
Lakewood Ranch XC,,Bradenton,FL,34211,,https://runnergirl.com/lrhs/2025xc_team_handbook.pdf,,,,,,,,,,,
Let&#039;s RUN Together Endurance Coaching,,Orlando,FL,32824,,,,,,,,,,,,,
Loggerhead Curling Club,,Lake Worth,FL,33467,,,,,,,,,,,,,
LOUD Runners,,Tampa,FL,33609,,,,,,,,,,,,,
Manasota Track Club,,Sarasota,FL,34235,,,,,,,,,,,,,
Mustang Milers,,Bradenton,FL,34202,,,,,,,,,,,,,
Naples Area Triathletes,,Naples,FL,34109,,,,,,,,,,,,,
Naples Velo,,NAPLES,FL,34103,,http://naplesvelo.com,,,,,,,,,,,
New Wave Triathlon Club,,Rockledge,FL,32937,,,,,,,,,,,,,
NextRun,,Saint Cloud,FL,34769,,,,,,,,,,,,,
Ocala Distance Project,,Ocala,FL,34470,,,,,,,,,,,,,
Orlando Runners Club,,Orlando,FL,32802,,,,,,,,,,,,,
Outrunning the Monorail,,Osprey,FL,33418,,http://shiawaselife.com,,,,,,,,,,,
Pensacola Runners Association,,Pensacola,FL,32591,,,,,,,,,,,,,
Pensacola Sports,,Pensacola,FL,32502,,https://pensacolasports.org/getinvolved/,,,,,,,,,,,
Polk County Landsharks,,Lakeland,FL,33803,,,,,,,,,,,,,
Premier Health &amp; Fitness Center,,Tallahassee,FL,32312,,http://www.tmh.org/PremierHealthFitnessCenter,,,,,,,,,,,
PRS Triathlon Club Junior Kiwi Team,,Jacksonville,FL,32202,,http://prstriclub.com/,,,,,,,,,,,
PSL Crosstown Running Club,,Port St. Lucie,FL,34983,,,,,,,,,,,,,
Publix Championship Racing Series,,North Port,FL,34286,,,,,,,,,,,,,
PURE Athletics NTC,,Clermont,FL,34711,,http://www.nationaltrackclub.com,,,,,,,,,,,
Regina Faura Training and Conditioning Program,,Pensacola,FL,32514,,,,,,,,,,,,,
Run Club Network,,Miami,FL,33133,,http://www.runclubnetwork.com,,,,,,,,,,,
Run Destin,,Destin,FL,32541,,,,,,,,,,,,,
Run For Your Life Inc.,,Monticello,FL,32345,,http://www.RunForYourLifeinc.org,,,,,,,,,,,
Run Manatee,,Bradenton,FL,34202,,,,,,,,,,,,,
Run SWFL,,Fort Myers,FL,33912,,,,,,,,,,,,,
Run Your Pace,,Tampa,FL,33606,,,,,,,,,,,,,
Run! Spring Hill,,Brooksville,FL,34604,,,,,,,,,,,,,
runFIT runCLUB,,Lutz,FL,33558,,,,,,,,,,,,,
RunnerGirl,,Bradenton,FL,34211,,,,,,,,,,,,,
Running Zone Foundation Run Club,,Melbourne,FL,32935,,,,,,,,,,,,,
RunTampa,,Tampa,FL,33614,,,,,,,,,,,,,
Safety Harbor Crackadawn Running Club,,Clearwater,FL,33759,,,,,,,,,,,,,
Sarasota Storm Triathlon Club,,Lakewood Ranch,FL,34202,,,,,,,,,,,,,
SOFLO Track Club,,Coral Springs,FL,33067,,,,,,,,,,,,,
Sommer Sports Maniacs,,Clermont,FL,34711,,,,,,,,,,,,,
South Florida Triathletes,,South Miami,FL,33243,,,,,,,,,,,,,
Space Coast Runners,,Merritt Island,FL,32954,,https://my-site-105734-109114.square.site/,,,,,,,,,,,
Speed Starz Track/Running Club,,Wesley Chapel,FL,33544,,,,,,,,,,,,,
Strong Finish Run Coaching &amp; Sports Nutrition,,Orlando,FL,32825,,,,,,,,,,,,,
"Suncoast Striders, Inc",,Bradenton,FL,34205,,http://www.suncoaststriders.com,,,,,,,,,,,
TC Running,,Stuart,FL,34995,,,,,,,,,,,,,
Team Fort Lauderdale,,Pompano Beach,FL,33189,,,,,,,,,,,,,
Test,,New Port Richey,FL,34654,,,,,,,,,,,,,
The Coral Springs Run Club,,Boca Raton,FL,33497,,,,,,,,,,,,,
The Evo Way,,Coconut Creek,FL,33073,,,,,,,,,,,,,
Tri Gulf Coast,,Gulf Breeze,FL,32563,,,,,,,,,,,,,
TRIBEKE RUNNING TEAM,,Jasper,FL,32052,,,,,,,,,,,,,
TriChix Multisport,,Pensacola,FL,32504,,,,,,,,,,,,,
Wahoo Kids Run Club,,BIG PINE KEY,FL,33043,,,,,,,,,,,,,
West Florida Y Runners Club,,Palm Harbor,FL,34683,,,,,,,,,,,,,
West Shore Run Club,,Tampa,FL,33629,,,,,,,,,,,,,
Zoomers - Southwest Florida Running &amp; Triathlon Club,,Port Charlotte,FL,33952,,https://www.zoomersruntri.com,,,,,,,,,,,
75 South Cycling Club,,Hampton,GA,30228,,,,,,,,,,,,,
Athens Road Runners,,Athens,GA,30601,,,,,,,,,,,,,
Atlanta Marathon Club,,Atlanta,GA,30303,,http://www.atlantamarathonclub.com,,,,,,,,,,,
Bike Walk Golden Isles,,St. Simons Island,GA,31522,,,,,,,,,,,,,
BRAZILNATION #RUN CLUB,,Atlanta,GA,30331,,,,,,,,,,,,,
Columbus Road Runners,,Columbus,GA,31908,,,,,,,,,,,,,
Covington Conyers Cycling Club,,Conyers,GA,30094,,,,,,,,,,,,,
Douglas County Rogue Runners (DCRR),,Douglasville,GA,30133,,,,,,,,,,,,,
Fleet Feet Savannah,,Savannah,GA,31404,,http://www.fleetfeetsavannah.com/,,,,,,,,,,,
Fleet Feet Savannah,,Savannah,GA,31404,,http://www.fleetfeetsavannah.com/,,,,,,,,,,,
FUEL &amp; FINISH LINE,,Hiawassee,GA,30546,,,,,,,,,,,,,
Golden Isles Track Club,,Saint Simons Island,GA,31522,,,,,,,,,,,,,
Good Life City Runners,,Albany,GA,31707,,https://glcrunners.blogspot.com/,,,,,,,,,,,
Kids Run the Nation--Savannah,,Savannah,GA,31406,,,,,,,,,,,,,
Metro Area Running Club,,Atlanta,GA,30357,,,,,,,,,,,,,
Minority Women Marathoners Alliance,,Dougasville,GA,30133,,http://www.themwma.com,,,,,,,,,,,
MTRC,,macon,GA,31221,,,,,,,,,,,,,
P42 ROADSTERS,,Columbus,GA,31906,,http://project42running.com,,,,,,,,,,,
Park Creek Cheetahs,,Dalton,GA,30721,,,,,,,,,,,,,
Peachtree City Running Club,,Peachtree City,GA,30269,,,,,,,,,,,,,
Picture of Health Foundation Wellness Inc,,Tucker,GA,30084,,,,,,,,,,,,,
River Ridge Track Club,,Woodstock,GA,30188,,,,,,,,,,,,,
Run Kids Run,,Royston,GA,30662,,http://teamfusionrunning.com,,,,,,,,,,,
RunRoystonRun,,Royston,GA,30662,,http://www.runroystonrun.com,,,,,,,,,,,
Savannah Triathlon Team INC,,Savannah,GA,31406,,,,,,,,,,,,,
Soal Running Club,,Dalton,GA,30720,,,,,,,,,,,,,
Strong Run Coaching,,Marietta,GA,30062,,,,,,,,,,,,,
Team Fusion Running,,Royston,GA,30662,,http://www.runroystonrun@gmail.com,,,,,,,,,,,
"Trailblazer Running, LLC",,Atlanta,GA,30306,,http://www.trailblazerrunning.com,,,,,,,,,,,
Unity Riders,,Newnan,GA,30265,,,,,,,,,,,,,
West Georgia Track Club,,Carrollton,GA,30112,,,,,,,,,,,,,
WRun | She Rises | Social #Run Club 💜💚,,Mableton,GA,30126,,,,,,,,,,,,,
Big Island Road Runners Membership,,Hilo,HI,96720,,,,,,,,,,,,,
Hawaii Running Project,,Honolulu,HI,96817,,,,,,,,,,,,,
Honolulu FrontRunners/FrontWalkers,,Honolulu,HI,96822,,,,,,,,,,,,,
Honolulu Marathon Clinic,,Honolulu,HI,96814,,,,,,,,,,,,,
Longrunergy Coaching,,Kaneohe,HI,96744,,http://longrunergy.com,,,,,,,,,,,
Mid-Pacific Road Runners Club,,Honolulu,HI,96803,,https://www.mprrc.com,,,,,,,,,,,
Tri Again Fitness,,Kihei,HI,96753,,,,,,,,,,,,,
Valley Isle Road Runners,,Kahului,HI,96733,,,,,,,,,,,,,
Girls on the Run Treasure Valley,,Boise,ID,83707,,http://gotrtreasurevalley.org/,,,,,,,,,,,
TEAM BAR (Boise Area Runners),,Boise,ID,83702,,http://www.boisearearunners.com,,,,,,,,,,,
Team Run Boise,,Boise,ID,83712,,https://www.teamrunboise.club,,,,,,,,,,,
261 Fearless Club Bloomington-Normal,,Normal,IL,60601,,https://www.261fearless.org/261-club-bloomington-normal/,,,,,,,,,,,
ABC Runners,,Chicago,IL,60611,,,,,,,,,,,,,
All Community Events Missed Event,,Round Lake,IL,60073,,http://www.allcommunityevents.com/,,,,,,,,,,,
Belleville Running Club,,Belleville,IL,62220,,,,,,,,,,,,,
Berwyn Runners Club,,Berwyn,IL,60402,,,,,,,,,,,,,
Bucktown Run Club,,Chicago,IL,60647,,,,,,,,,,,,,
C.0.R.E,,Rantoul,IL,61866,,,,,,,,,,,,,
California Bounce Running Club,,Wilmette,IL,60091,,,,,,,,,,,,,
Cary-Grove Rotary Charitable Fund,,Cary,IL,60013,,https://portal.clubrunner.ca/2363/,,,,,,,,,,,
Chaos Theory Running,,Chicago,IL,60613,,http://www.chaostheoryrunning.com,,,,,,,,,,,
CHI RUNNING CLUB,,Buffalo Grove,IL,60089,,,,,,,,,,,,,
Chicago Endurance Coaches Alliance (CECA),,Chicago,IL,60601,,,,,,,,,,,,,
Comlara MTB,,Normal,IL,61761,,,,,,,,,,,,,
Decatur Running Club,,Decatur,IL,62526,,,,,,,,,,,,,
Fox Valley RunJunkEes® Run Club (Illinois Local Chapter),,Bristol,IL,60512,,http://www.RunJunkEes.com,,,,,,,,,,,
Frontrunners Chicago,,Chicago,IL,60657,,,,,,,,,,,,,
FRY RUNNERS,,Naperville,IL,60564,,,,,,,,,,,,,
Huskie Running Club,,Loves Park,IL,61111,,,,,,,,,,,,,
Illinois Valley Striders,,Peoria,IL,61612,,,,,,,,,,,,,
jhon deo,,Chicago,IL,60615,,,,,,,,,,,,,
Kennekuk Road Runners,,Danville,IL,61834,,,,,,,,,,,,,
Lake Run Club,,Normal,IL,61761,,,,,,,,,,,,,
Lake Run Club,,Normal,IL,61761,,,,,,,,,,,,,
Metro Milers,,Edwardsville,IL,62025,,,,,,,,,,,,,
Metro Tri Club,,Edwardsville,IL,62025,,,,,,,,,,,,,
NXNW Trail Runners,,Woodstock,IL,60098,,,,,,,,,,,,,
Oak Park Runners Club,,Oak Park,IL,61761,,https://app.candid.org/search?keyword=36-3168203,,,,,,,,,,,
Pecatonica Pacers,,Pecatonica,IL,61063,,http://pecatonicapacers.blogspot.com/,,,,,,,,,,,
Prairie State Road Runners,,Channahon,IL,60410,,https://redsthreadsandsafety.com/apparel-stores-%26-products/ols/categories/prairie-state-road-runners-apparel,,,,,,,,,,,
River to River Runners,,Herrin,IL,62948,,,,,,,,,,,,,
Rockford Road Runners,,Rockford,IL,61126,,,,,,,,,,,,,
Rockford Wildcats,,Rockford,IL,61126,,http://www.rockfordwildcats.org/,,,,,,,,,,,
Run for the Dogs,,New Lenox,IL,60451,,,,,,,,,,,,,
Rush Athletics USA/Illinois Rush TC,,Plainfield,IL,60544,,http://rushusa.org,,,,,,,,,,,
sadsad,,Springfield,IL,62707,,,,,,,,,,,,,
Second Wind Running Club,,Champaign,IL,61826,,https://ultrasignup.com/register.aspx?did=132332,,,,,,,,,,,
SJKfitness,,Chicago,IL,60622,,http://www.sjkfitness.com,,,,,,,,,,,
Spirits Run * Illinois Adventure Series,,Mundelein,IL,60060,,,,,,,,,,,,,
Springfield Bicycle Club,,Springfield,IL,62791,,,,,,,,,,,,,
Springfield Road Runners Club,,Springfield,IL,62705,,,,,,,,,,,,,
Starved Rock Runners LTD,,La Salle,IL,61301,,,,,,,,,,,,,
Team Endurance Youth Running Team,,Genoa,IL,60135,,,,,,,,,,,,,
The Cause Crew,,Vernon Hills,IL,60061,,http://www.thecausecoach.net,,,,,,,,,,,
Tri312 Triathlon Training + Skyline Swim,,Chicago,IL,60601,,https://www.4StarEndurance.com/calendar,,,,,,,,,,,
Winter Running Clinic,,Oak Park,IL,60302,,,,,,,,,,,,,
Anderson Road Runners Club,,Anderson,IN,46015,,,,,,,,,,,,,
Appleseeds XC,,FORT WAYNE,IN,46805,,,,,,,,,,,,,
Appleseeds XC,,FORT WAYNE,IN,46805,,,,,,,,,,,,,
Appleseeds Youth Running Club,,Fort Wayne,IN,46805,,https://3riversrunning.com/community/appleseeds-youth-running-program/,,,,,,,,,,,
Bloomington Area Runners Association,,Bloomington,IN,47402,,https://www.bara.run,,,,,,,,,,,
Calumet Region Striders,,Griffith,IN,46319,,http://www.calstrider.org,,,,,,,,,,,
Carmel Runners Club,,Carmel,IN,46032,,,,,,,,,,,,,
Club Kokomo Roadrunners,,Kokomo,IN,46902,,,,,,,,,,,,,
Columbus Running Club,,Columbus,IN,47202,,,,,,,,,,,,,
CRC Rovers Club,,Carmel,IN,46032,,,,,,,,,,,,,
Divas presented by IU Health,,Indianapolis,IN,46208,,,,,,,,,,,,,
Epic Run Club,,Fort Wayne,IN,46808,,,,,,,,,,,,,
Esperanza Warriors,,Greenwood,IN,46142,,,,,,,,,,,,,
Evansville Speedsters,,Evansville,IN,47630,,,,,,,,,,,,,
Fishers Running Club,,Fishers,IN,46038,,,,,,,,,,,,,
Fleet Feet Mishawaka Race Series 2024,,Mishawaka,IN,46545,,,,,,,,,,,,,
Fleet Feet Mishawaka Race Series 2025,,MISHAWAKA,IN,46545,,,,,,,,,,,,,
Fleet Feet Mishawaka Race Series 2026,,Mishawaka,IN,46545,,,,,,,,,,,,,
Footprints - Everbody&#039;s Fun &amp; Fitness,,Tell City,IN,47586,,http://www.everbodys.com,,,,,,,,,,,
Fort Wayne Running Club,,Fort Wayne,IN,46860,,,,,,,,,,,,,
Getting Miles Athletic Club,,Fort Wayne,IN,46825,,,,,,,,,,,,,
Hometown Happenings,,Crown Point,IN,46307,,,,,,,,,,,,,
Hometown Market ~ Hometown Happenings,,Crown Point,IN,46307,,,,,,,,,,,,,
Indiana BLAST,,Bluffton,IN,46714,,,,,,,,,,,,,
Indiana Trail Running Association,,Indianapolis,IN,46240,,http://www.indianatrailrunning.org,,,,,,,,,,,
Indy Runners and Walkers,,Indianapolis,IN,46230,,https://www.linkedin.com/company/indy-runners-walkers,,,,,,,,,,,
Integrated Training and Consultation Services Inc.,,Lowell,IN,46356,,http://integratedtcs.net,,,,,,,,,,,
Maple City Milers,,LaPorte,IN,46350,,,,,,,,,,,,,
Michiana Bicycle Association,,Granger,IN,46530,,,,,,,,,,,,,
Nilesh Vasava,,Vadodara,IN,39001,,,,,,,,,,,,,
Pennsy Run Club,,Greenfield,IN,46140,,,,,,,,,,,,,
Plainfield Run Club,,Plainfield,IN,46168,,,,,,,,,,,,,
Race The Region,,Valparaiso,IN,46383,,,,,,,,,,,,,
Running Through The Woods,,Elkhart,IN,46517,,,,,,,,,,,,,
Team Acorn 2025,,Terre Haute,IN,47803,,,,,,,,,,,,,
The Pacing Company,,Carmel,IN,46032,,,,,,,,,,,,,
Tri-812,,Columbus,IN,47201,,,,,,,,,,,,,
Two Rivers Running Club,,Goshen,IN,46526,,,,,,,,,,,,,
USARA,,Zionsville,IN,46077,,,,,,,,,,,,,
Wabash Valley Road Runners,,Terre Haute,IN,47808,,,,,,,,,,,,,
XJ Corps Run Club,,Terre Haute,IN,47809,,,,,,,,,,,,,
XYZ FOR Trail Series,,Valparaiso,IN,46383,,http://www.xyztrailseries.com,,,,,,,,,,,
Bergman Academy Kids Run the Nation,,Des Moines,IA,50312,,http://www.bergmanacademy.org/,,,,,,,,,,,
Capital Striders Central Iowa Running Club,,Des Moines,IA,50310,,https://www.capitalstriders.org/MemberOrg/capitalstriders/Page/Loop-the-Lake,,,,,,,,,,,
CB Running Club,,Council Bluffs,IA,51503,,http://www.fusionfitns.com,,,,,,,,,,,
Coach Curtis,,Ankeny,IA,50023,,,,,,,,,,,,,
Cornbelt Running Club old,,Davenport,IA,52803,,,,,,,,,,,,,
Corridor Running,,Cedar Rapids,IA,52406,,http://corridorrunning.com,,,,,,,,,,,
FASST,,Dubuque,IA,52003,,,,,,,,,,,,,
Fusion Fitness,,Council Bluffs,IA,51503,,http://www.fusionfitns.com,,,,,,,,,,,
Iowa HEAT,,North Liberty,IA,52317,,,,,,,,,,,,,
Midwest Xtreme Triathlon Club,,Cedar Rapids,IA,52401,,,,,,,,,,,,,
Derby Running Club,,Wichita,KS,66213,,,,,,,,,,,,,
KC Endurance High School Cross Country Camp,,Overland Park,KS,66213,,,,,,,,,,,,,
Lawrence Trail Hawks,,Lawrence,KS,66044,,,,,,,,,,,,,
Olathe Running Club,,Olathe,KS,66061,,,,,,,,,,,,,
Power of Run Club,,Olathe,KS,66063,,http://www.powerofrun.com,,,,,,,,,,,
Rolling Ridge Rocket Runners,,Olathe,KS,66061,,,,,,,,,,,,,
Run Wichita,,Wichita,KS,67206,,,,,,,,,,,,,
Run Wichita,,Wichita,KS,67202,,,,,,,,,,,,,
runLawrence Membership Application,,Lawrence,KS,66044,,,,,,,,,,,,,
Stout Stingers on the Run,,Topeka,KS,66611,,,,,,,,,,,,,
Sunflower Striders Running Club of Topeka,,Topeka,KS,66667,,,,,,,,,,,,,
T RiKC,,Overland Park,KS,66204,,http://http:www.trikc.org,,,,,,,,,,,
TJ&#039;s Running,,Wichita,KS,67211,,,,,,,,,,,,,
Trail &amp; Error with Fleet Feet,,Overland Park,KS,66213,,https://groupme.com/join_group/114132721/FAjvZQV5,,,,,,,,,,,
Wichita Grand Prix #MileADay,,Goddars,KS,67052,,http://www.wichitagrandprix.com,,,,,,,,,,,
Winter RUNNERland Boot Camp,,Olathe,KS,66063,,http://www.powerofrun.com,,,,,,,,,,,
Bluegrass Runners,,Lexington,KY,40523,,https://bit.ly/BGRraceresult,,,,,,,,,,,
Bluegrass Triathlon Club,,Leington,KY,40502,,,,,,,,,,,,,
Bowling Green Lightning,,BOWLING GREEN,KY,42101,,http://bglightning.weebly.com/index.html,,,,,,,,,,,
Bowling Green Running Club,,Bowling Green,KY,42102,,,,,,,,,,,,,
Campbellsville Running Club,,Campbellsville,KY,42718,,,,,,,,,,,,,
Central Kentucky Wheelmen,,Rineyville,KY,40162,,https://ridewithgps.com/organizations/4917-central-kentucky-wheelmen/events?,,,,,,,,,,,
Chain Reaction Cycling Club,,Paducah,KY,42002,,,,,,,,,,,,,
Colonel Run Club,,Cave City,KY,42127,,,,,,,,,,,,,
Derby City Run Club,,Louisville,KY,40207,,http://derbycityrunclub.com,,,,,,,,,,,
Fleet Feet Louisville Racing Team,,Louisville,KY,40207,,,,,,,,,,,,,
ForWord Running,,Frankfort,KY,40601,,http://www.forwordrunning.com,,,,,,,,,,,
Frankfort Striders Club,,Frankfort,KY,40601,,,,,,,,,,,,,
Fun Sole,,Elizabethtown,KY,42701,,,,,,,,,,,,,
Hardin County Adventure Club,,Elizabethtown,KY,42701,,,,,,,,,,,,,
Iroquois Hill Runners,,Louisville,KY,40214,,,,,,,,,,,,,
John&#039;s Lexington Running Club / John&#039;s Central KY Trail Club,,Lexington,KY,40502,,,,,,,,,,,,,
Kentucky Horse Park Run/Walk Club,,Lexington,KY,40511,,https://www.kyhorsepark.com/events/kentucky-horse-park-runwalk-club-12,,,,,,,,,,,
Lake Cumberland Runners,,Kentucky,KY,42503,,,,,,,,,,,,,
Lake Cumberland Youth Runners XC/Track,,SOMERSET,KY,42503,,,,,,,,,,,,,
Owensboro Area Runners and Walkers Club inc.,,Owensboro,KY,42303,,http://owensbororunningclub.com,,,,,,,,,,,
Run Richmond KY,,Richmond,KY,40475,,http://www.runrichmondky.com,,,,,,,,,,,
West Kentucky Runners,,Paducah,KY,42001,,,,,,,,,,,,,
AE Phillips Marathon Club,,Ruston,LA,71272,,,,,,,,,,,,,
Baton Rouge Bike Club,,Baton Rouge,LA,70821,,,,,,,,,,,,,
Bons Temps Triathletes,,Sulphur,LA,70664,,,,,,,,,,,,,
Cajun Road Runners Club,,Lafayette,LA,70471,,http://www.cajunroadrunners.com,,,,,,,,,,,
Club South Runners,,Baton Rouge,LA,70810,,,,,,,,,,,,,
"Full Potential, LLC",,New Orleans,LA,70131,,,,,,,,,,,,,
Gallagher Run Club,,Covington,LA,70433,,https://www.strava.com/clubs/gallagher,,,,,,,,,,,
Happy&#039;s Running Club,,Baton Rouge,LA,70801,,,,,,,,,,,,,
Healthy Fit KIDS,,Vidalia,LA,71373,,,,,,,,,,,,,
Healthy Fit Run Club,,Vidalia,LA,71373,,,,,,,,,,,,,
Heart N Hands Membership,,New Orleans,LA,70124,,http://www.heartnhands.org,,,,,,,,,,,
Lake Area Runners,,Lake Charles,LA,70602,,,,,,,,,,,,,
Louisiana Running Company,,New Orleans,LA,70119,,,,,,,,,,,,,
Madi Run Club,,Madisonville,LA,70447,,https://madi-run-club.printful.me/,,,,,,,,,,,
NELA Track &amp; Field Run Club,,Jonesboro,LA,71251,,,,,,,,,,,,,
New Orleans Track Club,,New Orleans,LA,70123,,https://www.runnotc.org/hall-of-fame,,,,,,,,,,,
Northshore Run Collective,,Mandeville,LA,70448,,https://rebrand.ly/ChafunktaTribeTrotters,,,,,,,,,,,
Red River Road Runners,,Shreveport,LA,71107,,,,,,,,,,,,,
SLAKK Run Cult,,Baton Rouge,LA,70817,,,,,,,,,,,,,
Sunrise Triathlon Club,,Bossier City,LA,71113,,,,,,,,,,,,,
Team LaS&#039;port,,Bossier Citry,LA,71111,,,,,,,,,,,,,
Team Pack A Lunch,,Metairie,LA,70005,,,,,,,,,,,,,
Wednesday Run Club (WRC),,Mandeville,LA,70448,,https://strava.app.link/YWuXHYyc2Jb,,,,,,,,,,,
Bold Coast Runners,,Pembroke,ME,04666,,https://www.boldcoastrunners.org,,,,,,,,,,,
Central Maine Striders,,Waterville,ME,04903,,,,,,,,,,,,,
Friends of Moosehorn National Wildlife Refuge,,Baileyville,ME,04694,,,,,,,,,,,,,
Katahdin Area Trails,,Millinocket,ME,04462,,,,,,,,,,,,,
Maine Track Club,,Portland,ME,04104,,https://www.strava.com/athletes/52973,,,,,,,,,,,
Moving ME Forward Fitness Friends @ Bates,,Lewiston,ME,04240,,http://www.movingmeforward.org,,,,,,,,,,,
Moving ME Forward Running Club,,Auburn,ME,04210,,http://www.movingmeforward.org,,,,,,,,,,,
Runaways Run Club,,Portland,ME,04103,,,,,,,,,,,,,
Sub5 Track Club,,Brewer,ME,04412,,,,,,,,,,,,,
Annapolis Striders,,Annapolis,MD,21404,,,,,,,,,,,,,
Baltimore Area Triathlon Club,,Baltimore,MD,21093,,,,,,,,,,,,,
Baltimore Road Runners Club,,Baltimore,MD,21284,,,,,,,,,,,,,
"BelieveinMe Sports, LLC",,Frederick,MD,21704,,,,,,,,,,,,,
BME RC Fall Training - Green Flash for Youth and Adults,,Frederick,MD,21704,,http://www.bme-rc.com/team-calendar1/,,,,,,,,,,,
BME RC Fall XC Travel Meet 2017 -- AAU Nationals,,Frederick,MD,21704,,http://www.bme-rc.com,,,,,,,,,,,
BME RC Hills &amp; Trails,,Frederick,MD,21704,,http://www.bme-rc.com,,,,,,,,,,,
BME Running Club (BME RC),,Frederick,MD,21704,,http://www.bme-rc.com,,,,,,,,,,,
CorpsTHAT,,Baltimore,MD,21230,,,,,,,,,,,,,
Eastern Shore Running Club,,Salisbury,MD,21804,,,,,,,,,,,,,
Eldersburg Rogue Runners,,Sykesville,MD,21784,,,,,,,,,,,,,
Endurance 2 Perform,,Rockville,MD,20852,,,,,,,,,,,,,
Fleet Feet Run Club,,Gaithersburg,MD,20878,,http://fleetfeetgaithersburg.com,,,,,,,,,,,
Flower Valley Kids Run the Nation,,Rockville,MD,20853,,,,,,,,,,,,,
Frederick Steeplechasers Running Club,,Frederick,MD,21705,,,,,,,,,,,,,
GROC,,Rockville,MD,20852,,,,,,,,,,,,,
Harford Multisport Club,,Bel Air,MD,21014,,,,,,,,,,,,,
Harford Velo Cycling Club,,Bel Air,MD,21014,,,,,,,,,,,,,
Howard County Striders,,Columbia,MD,21045,,https://www.strava.com/athletes/8174,,,,,,,,,,,
Kent Island Running Group,,Stevensville,MD,21666,,https://maps.app.goo.gl/8eSaPZa4xMynNx6D7,,,,,,,,,,,
MCRRC - Montgomery County Road Runners Club,,Rockville,MD,20849,,,,,,,,,,,,,
MTG Athletics,,Clarksburg,MD,20871,,http://www.mtgatheltics.com,,,,,,,,,,,
Peake Run,,Annapolis,MD,21401,,,,,,,,,,,,,
PGRC 2016 8K Program,,Greenbelt,MD,20768,,http://www.pgrc.org,,,,,,,,,,,
PGRC 2016 Running Start 5K Training Program,,Greenbelt,MD,20768,,http://www.pgrc.org,,,,,,,,,,,
PGRC Hill Training for Runners Workshop,,Greenbelt,MD,20768,,http://www.pgrc.org,,,,,,,,,,,
PGRC Nutrition and Fueling for Runners Workshop - Beginners,,Greebelt,MD,20768,,http://www.pgrc.org,,,,,,,,,,,
PGRC Nutrition and Fueling Workshop - ADVANCED,,Greenbelt,MD,20768,,http://www.pgrc.org,,,,,,,,,,,
PGRC Training Programs,,Greenbelt,MD,20768,,http://www.pgrc.org,,,,,,,,,,,
Phoenix Running,,COLLEGE PARK,MD,20740,,,,,,,,,,,,,
Ponies and Beer Running Club,,Laytonsville,MD,20833,,,,,,,,,,,,,
Prince George&#039;s Running Club,,Greenbelt,MD,20768,,,,,,,,,,,,,
Queen City Striders,,Cumberland,MD,21501,,,,,,,,,,,,,
Run4Good,,Baltimore,MD,21231,,http://www.run4good.org,,,,,,,,,,,
Southern MD Archers (SMA) Club,,Upper Marlboro,MD,20772,,,,,,,,,,,,,
Test FSRC - DO NOT SIGN UP,,Frederick,MD,21705,,,,,,,,,,,,,
The Harford County Running Club (HCRC),,Bel Air,MD,21014,,,,,,,,,,,,,
The Phoenix Project,,Clarksburg,MD,20871,,https://mtgathletics.com/the-phoenix-project/,,,,,,,,,,,
"Titanium Training, LLC",,Bowie,MD,20715,,,,,,,,,,,,,
TRES Running Club,,Mount Airy,MD,21771,,,,,,,,,,,,,
TRI Game Sports (2026),,Crownsville,MD,21032,,,,,,,,,,,,,
TRI Game Sports (by F2BK),,Crownsville,MD,21032,,,,,,,,,,,,,
Undead Running Project,,Lutherville Timonium,MD,21093,,,,,,,,,,,,,
Westminster Road Runners Club,,Westminster,MD,21158,,,,,,,,,,,,,
Willpower  Athletes Running Club and Coaching Series,,Poolesville,MD,20837,,http://www.willpowerathletes.com,,,,,,,,,,,
Amity Island Running Club,,Edgartown,MA,02539,,,,,,,,,,,,,
Boston Snail Running Club,,Boston,MA,02132,,,,,,,,,,,,,
Cambridge Sports Union,,Cambridge,MA,02139,,,,,,,,,,,,,
Canal Kids Running Club,,Buzzards Bay,MA,02532,,,,,,,,,,,,,
Catholic Collaborative Connection,,North Andover,MA,01845,,https://catholiccollaborativeconnection.com/blog/,,,,,,,,,,,
Cohasset Swim Center,,Cohasset,MA,02025,,https://www.cohassetswimcenter.com,,,,,,,,,,,
Colonial Road Runners,,Abington,MA,02351,,,,,,,,,,,,,
Falmouth Running Club,,Falmouth,MA,02540,,,,,,,,,,,,,
Frontline Running,,Holliston,MA,01746,,https://www.Frontlinerunning.com,,,,,,,,,,,
GoPerriGo Running,,Woburn,MA,01801,,http://gpgrunning.com,,,,,,,,,,,
Greater Boston Track Club,,Cambridge,MA,02141,,,,,,,,,,,,,
Greater Lowell Road Runners,,Dracut,MA,01826,,,,,,,,,,,,,
Greater Springfield Harriers,,West Springfield,MA,01089,,http://www.harriers.org/Index.html,,,,,,,,,,,
Highland City Striders,,Hudson,MA,01749,,http://www.highlandcitystriders.org,,,,,,,,,,,
Highland City Striders,,Northborough,MA,01532,,,,,,,,,,,,,
IRACELIKEAGIRL,,world,MA,00000,,http://www.iracelikeagirl.com,,,,,,,,,,,
Melrose Running Club,,Melrose,MA,02176,,,,,,,,,,,,,
Mom...The Meatloaf Running Club,,Pittsfield,MA,01201,,http://www.mtmrunning.com ,,,,,,,,,,,
Nashoba Valley Ski Team,,WESTFORD,MA,01886,,http://NVSCRACING.COM,,,,,,,,,,,
New England Walkers,,Brookline,MA,02445,,,,,,,,,,,,,
PHS Athletics,,Ipswich,MA,01938,,,,,,,,,,,,,
Pioneer Valley Women&#039;s Running Club,,Longmeadow,MA,01106,,,,,,,,,,,,,
riptiderunningcapecod@gmail.com,,South Yarmouth,MA,02664,,http://www.riptiderunning.com,,,,,,,,,,,
RunWithJenn,,Lunenburg,MA,01462,,,,,,,,,,,,,
Somerville Road Runners,,Somerville,MA,02143,,https://srr.org,,,,,,,,,,,
Suburban Striders Running Club,,Boston,MA,02116,,,,,,,,,,,,,
Team Envision,,Weston,MA,01748,,,,,,,,,,,,,
The Shamrock Running Club,,Woburn,MA,01801,,,,,,,,,,,,,
WCES Running Club,,Warren,MA,01083,,,,,,,,,,,,,
Wheelworks Multisport,,Cambridge,MA,02140,,,,,,,,,,,,,
Winners Circle Running Club,,Salisbury,MA,01952,,,,,,,,,,,,,
100 Miles In A Month,,Grand Blanc,MI,48439,,,,,,,,,,,,,
Amelia Earhart Flyers,,Detroit,MI,48209,,,,,,,,,,,,,
Ann Arbor Running Company,,Ann Arbor,MI,48103,,http://www.annarborrunningcompany.com,,,,,,,,,,,
Ann Arbor Track Club,,Ann Arbor,MI,48107,,http://aatrackclub.org,,,,,,,,,,,
Baddies,,Canton,MI,48187,,,,,,,,,,,,,
Beginning Running Program Spring 2020,,Marquette,MI,49855,,,,,,,,,,,,,
Cavanaugh Kids Run the Nation,,Lansing,MI,48910,,,,,,,,,,,,,
Cereal City Athletics,,Battle Creek,MI,49015,,,,,,,,,,,,,
Elite Feet Running Club,,Brighton,MI,48116,,http://www.elitefeetsports.com,,,,,,,,,,,
Fit2Run Coaching,,Milford,MI,48381,,,,,,,,,,,,,
Freeland Saginaw Area Runners Club,,Freeland,MI,48623,,,,,,,,,,,,,
Friends of the Lansing Regional Trails,,Lansing,MI,48912,,,,,,,,,,,,,
Great Lakes Track &amp; Field,,Lansing,MI,48915,,http://www.gltrackandfield.wordpress.com,,,,,,,,,,,
Greater Flint Athletic Club,,Fenton,MI,48430,,,,,,,,,,,,,
Hartland Running Club,,Brighton,MI,48114,,https://orecreek.hartlandschools.us/Athletics/Cross-Country/,,,,,,,,,,,
Holland Running Club,,Holland,MI,49422,,,,,,,,,,,,,
Howell Run Club,,Howell,MI,48843,,,,,,,,,,,,,
Jazz Running Coaching &amp; Consultations,,Shelby,MI,49455,,,,,,,,,,,,,
Kalamazoo Area Runners,,Portage,MI,49081,,,,,,,,,,,,,
Kayser Pole Vaulters,,Ypsilanti,MI,48198,,,,,,,,,,,,,
Landon Athletics,,Nashville,MI,49073,,http://Landonathletics.com,,,,,,,,,,,
M7 What Nots,,Charlotte,MI,49660,,,,,,,,,,,,,
Maple Valley Track Club,,Vermontville,MI,49096,,http://mvs.k12.mi.us,,,,,,,,,,,
Michigan Canoe Racing Association,,Traverse City,MI,49696,,,,,,,,,,,,,
MiTri,,Traverse City,MI,49685,,,,,,,,,,,,,
Park Township Run Club,,Holland,MI,49424,,,,,,,,,,,,,
Perrin Brewing Company Run Club,,Comstock Park,MI,49321,,,,,,,,,,,,,
Plainwell Community Schools Student,,Plainwell,MI,49080,,,,,,,,,,,,,
Playmakers Racing,,Okemos,MI,48864,,,,,,,,,,,,,
PR Run Club,,Ann Arbor,MI,48103,,http://www.prfitnessa2.com/,,,,,,,,,,,
PR Run Club,,Ann Arbor,MI,48103,,,,,,,,,,,,,
QCRC Kids Summer Running Camp,,Marquette,MI,49855,,https://shopqcrc.com/,,,,,,,,,,,
Queen City Running Club,,Marquette,MI,49855,,,,,,,,,,,,,
Riverbend Striders,,Flushing,MI,48433,,,,,,,,,,,,,
Rosebud Running Club,,Ann Arbor,MI,48104,,https://rosebudrunningclub.my.canva.site/home,,,,,,,,,,,
Run Ann Arbor,,Ann Arbor,MI,48104,,http://run-annarbor.com,,,,,,,,,,,
Run Muskegon,,Muskegon,MI,49440,,,,,,,,,,,,,
RunGR,,Grand Rapids,MI,49516,,,,,,,,,,,,,
Sunset Coast Striders/Tri-Avengers,,St. Joseph,MI,49085,,,,,,,,,,,,,
SWMI RACERS,,ST. JOSEPH,MI,49085,,,,,,,,,,,,,
TCTC Training Program,,Traverse City,MI,49685,,,,,,,,,,,,,
Team NordicSkiRacer,,Brighton,MI,48116,,,,,,,,,,,,,
Team Playmakers,,Okemos,MI,48864,,,,,,,,,,,,,
Team Playmakers - Triathlon,,Okemos,MI,48864,,,,,,,,,,,,,
Team Playmakers Any Distance Any Pace,,Okemos,MI,48864,,https://www.playmakers.com/races/playmakers-races/,,,,,,,,,,,
Team Playmakers Men&#039;s Training Team,,Okemos,MI,48864,,https://www.playmakers.com/races/playmakers-races/,,,,,,,,,,,
Team Velo City Cycles,,Holland,MI,49423,,,,,,,,,,,,,
Test club,,Saline,MI,48176,,http://www.yahoo.com,,,,,,,,,,,
The Hallowed Half Club,,Leslie,MI,49251,,http://www.hallowedhalf.com,,,,,,,,,,,
Traverse City Track Club,,Traverse City,MI,49686,,,,,,,,,,,,,
Trick or Trot 5K Training,,Marquette,MI,49855,,,,,,,,,,,,,
Uplift Run Club,,Sylvan Lake,MI,48116,,,,,,,,,,,,,
Upper Peninsula Road Runners Club,,Marquette,MI,49855,,,,,,,,,,,,,
Vasa Ski Club,,Traverse City,MI,49684,,,,,,,,,,,,,
Wilkinson Run Club,,Madison Heights,MI,48071,,,,,,,,,,,,,
Winter Speed Training,,Marquette,MI,49855,,,,,,,,,,,,,
Women&#039;s Beginning Trail Running May 2020,,Marquette,MI,49855,,,,,,,,,,,,,
Women&#039;s Team Playmakers,,Okemos,MI,48864,,https://www.playmakers.com/races/playmakers-races/,,,,,,,,,,,
Club Run,,Minneapolis,MN,55412,,http://www.clubrun.org,,,,,,,,,,,
Congdon Park Running Program,,Duluth,MN,55812,,http://www.rrca.org/programs/kids-run-the-nation-program/,,,,,,,,,,,
Dream Big Inc.,,warroad,MN,56763,,http://www.tryitupnorth.com,,,,,,,,,,,
Duluth Cross-Country Ski Club,,Duluth,MN,55811,,,,,,,,,,,,,
HealthyStrongME Runners,,Blaine,MN,55014,,,,,,,,,,,,,
Kids Move the World,,Bemidji,MN,56619,,http://kidsmovetheworld.weebly.com,,,,,,,,,,,
MN Trail Run Collective,,Isanti,MN,55040,,https://mntrailruncollective.com/,,,,,,,,,,,
Ski for Life,,Mora,MN,55051,,,,,,,,,,,,,
Snowflake Nordic Ski Center,,Duluth,MN,55811,,,,,,,,,,,,,
Storm Sporting Events Memberships,,Minnesota City,MN,55959,,,,,,,,,,,,,
YMCA in Woodbury Kids Run Club,,Woodbury,MN,55125,,http://woodburyymca.org,,,,,,,,,,,
Gulf Coast Running Club,,Gulfport,MS,39505,,,,,,,,,,,,,
Pine Belt Pacers,,Hattiesburg,MS,39404,,,,,,,,,,,,,
Run Oxford,,Oxford,MS,38655,,,,,,,,,,,,,
Tupelo Cycling and Multisport Club,,Tupelo,MS,38804,,,,,,,,,,,,,
Tupelo Running Club,,Tupelo,MS,38802,,,,,,,,,,,,,
#prayersonthepavement Road Runners Club of America,,Jefferson City,MO,65109,,,,,,,,,,,,,
2025 KCRC Team,,Kansas City,MO,64145,,,,,,,,,,,,,
Big River Racing,,St. Louis,MO,63130,,,,,,,,,,,,,
Bodies Race Company,,Greenwood,MO,64034,,,,,,,,,,,,,
Columbia Multisport Club,,Columbia,MO,65205,,,,,,,,,,,,,
Columbia Track Club,,Columbia,MO,65205,,,,,,,,,,,,,
Fierce Factor Fitness,,Saint Louis,MO,63126,,https://juliagrunloh.wixsite.com/fiercefactorfitness,,,,,,,,,,,
GO! STL Community Collective,,Saint Louis,MO,63110,,,,,,,,,,,,,
High School Winter Training,,Kansas City,MO,64114,,,,,,,,,,,,,
Kansas City Running Club,,Kansas City,MO,64114,,http://www.staterunningrecords.com/asp/records.asp?state=MO,,,,,,,,,,,
KC ENDURANCE,,Kansas City,MO,64114,,,,,,,,,,,,,
KC Endurance Beginner Run Club,,Kansas City,MO,64114,,http://www.kcendurance.com,,,,,,,,,,,
KC Endurance High School Winter Training,,Kansas City,MO,64114,,http://www.kcendurance.com,,,,,,,,,,,
KC Latino Roadrunners,,Kansas City,MO,64131,,,,,,,,,,,,,
KC SMART Runners,,Liberty,MO,64068,,,,,,,,,,,,,
KC Track Club,,Kansas City,MO,64114,,,,,,,,,,,,,
KCE Fox Trotters Run Club,,Kansas City,MO,64114,,,,,,,,,,,,,
KCRC Team Challenge 2020,,Kansas City,MO,64145,,,,,,,,,,,,,
KCRC Team Challenge 2021,,Kansas City,MO,64145,,,,,,,,,,,,,
KCRC Team Challenge 2022,,Kansas City,MO,64145,,,,,,,,,,,,,
KCRC Team Challenge 2023,,Kansas City,MO,64145,,,,,,,,,,,,,
KCRC Team Challenge 2024,,Kansas City,MO,64145,,,,,,,,,,,,,
KCTC,,Kansas City,MO,64114,,,,,,,,,,,,,
Marine Ultra Coaching,,Smithville,MO,64089,,http://www.marineultrarunners.com,,,,,,,,,,,
MSE Racing Kids Triathlon Club,,St. Louis,MO,63301,,,,,,,,,,,,,
Ozarks Multisport Club,,Ozark,MO,65721,,http://www.go-omc.com/,,,,,,,,,,,
Race For Smiles,,Florissant,MO,63033,,,,,,,,,,,,,
Racing for Sustainability,,Saint Louis,MO,63122,,,,,,,,,,,,,
Rufus Racing Team 2020,,JOPLIN,MO,64802,,http://www.rufusracing.com,,,,,,,,,,,
Saturday Morning Giggles,,Kansas City,MO,64114,,http://www.kcendurance.com,,,,,,,,,,,
Sedalia Runners&#039; Club,,Sedalia,MO,65301,,,,,,,,,,,,,
Sedalia Runners&#039; Club,,Sedalia,MO,65301,,,,,,,,,,,,,
Seliga Run Club,,Saint Louis,MO,63144,,,,,,,,,,,,,
SPRING/SUMMER Team Training,,Kansas City,MO,64114,,,,,,,,,,,,,
St. Louis Blazers Track Club,,Saint Louis,MO,63122,,,,,,,,,,,,,
St. Louis Track Club,,St. Louis,MO,63105,,,,,,,,,,,,,
St. Louis Ultrarunners Group (SLUGs),,St. Louis,MO,63103,,,,,,,,,,,,,
Team No Mo Chemo,,St. Louis,MO,63123,,,,,,,,,,,,,
Trailnet,,Saint Louis,MO,63101,,,,,,,,,,,,,
TreadSTRONG,,Kansas City,MO,64114,,http://www.kcendurance.com,,,,,,,,,,,
TRUE Fitness,,O&#039;Fallon,MO,63367,,https://truefitness.com/,,,,,,,,,,,
Winter Park Women&#039;s Running Retreat 2019 (Bedroom 1),,Kansas City,MO,64114,,http://www.kcendurance.com/womnensrunningretreat/,,,,,,,,,,,
Winter Park Women&#039;s Running Retreat 2019 (Bedroom 2),,Kansas City,MO,64114,,http://www.kcendurance.com/womnensrunningretreat/,,,,,,,,,,,
Winter Park Women&#039;s Running Retreat 2019 (Bedroom 3),,Kansas City,MO,64114,,http://www.kcendurance.com/womnensrunningretreat/,,,,,,,,,,,
Winter Park Women&#039;s Running Retreat 2019 (Bedroom 4),,Kansas City,MO,64114,,http://www.kcendurance.com/womnensrunningretreat/,,,,,,,,,,,
Winter Rebuild: 8-Week Base Camp,,Kansas City,MO,64114,,,,,,,,,,,,,
Big Sky Wind Drinkers,,Bozeman,MT,59725,,,,,,,,,,,,,
Go Run Missoula Ambassador Team,,Missoula,MT,59803,,,,,,,,,,,,,
Missoula Nordic Ski Club,,Missoula,MT,59807,,,,,,,,,,,,,
MT ALPHA CYCLING,,Missoula,MT,59807,,,,,,,,,,,,,
Quality of Life,,Billings,MT,59102,,,,,,,,,,,,,
Run Wild Missoula,,Missoula,MT,59802,,https://www.runwildmissoula.org/membership/member-benefits/,,,,,,,,,,,
The Bitterroot Mushers,,Missoula,MT,59802,,,,,,,,,,,,,
The Bozeman Racing Project,,Bozeman,MT,59715,,http://www.bozemanracingproject.com,,,,,,,,,,,
Yellowstone Rapids Track club,,Billings,MT,59106,,https://www.usatf.org/home/top-utility-nav-content/membership/individual-youth-membership,,,,,,,,,,,
Yellowstone Rim Runners,,Billings,MT,59103,,,,,,,,,,,,,
"Lincoln, NE - Kids Run the Nation",,Lincoln,NE,68526,,https://spectrumruncoaching.com/,,,,,,,,,,,
Pink Gorilla Elite Program,,Lincoln,NE,68502,,,,,,,,,,,,,
Pink Gorilla Run Club,,Lincoln,NE,68502,,,,,,,,,,,,,
Your Local Museum,,Omaha,NE,68104,,,,,,,,,,,,,
Mesquitos on the Run,,Mesquite,NV,89034,,,,,,,,,,,,,
Reno Running and Fitness,,Sparks,NV,89434,,http://www.renorunningandfitness.com,,,,,,,,,,,
Rise &amp; Run- Henderson Women&#039;s Run Club,,Henderson,NV,89012,,,,,,,,,,,,,
Rise Running Team + Training,,Henderson,NV,89012,,,,,,,,,,,,,
RRC Coaching,,Reno,NV,89511,,,,,,,,,,,,,
Thirsty Road Runners,,Las Vegas,NV,89138,,,,,,,,,,,,,
USA Fit Reno,,Reno,NV,89509,,http://www.usafitreno.com,,,,,,,,,,,
Exeter Run Club,,Stratham,NH,03885,,,,,,,,,,,,,
Gate City Striders,,Nashua,NH,03061,,,,,,,,,,,,,
Greater Derry Track Club,,Derry,NH,03038,,,,,,,,,,,,,
Greater Manchester Running Club,,Manchester,NH,03104,,http://www.gmrcnh.org,,,,,,,,,,,
Harrier and Hounds Coaching,,Dover,NH,03820,,http://www.harrierandhoundscoaching.com,,,,,,,,,,,
New Hampshire Run Walk Training &quot;T&quot;eam,,Salem,NH,03079,,,,,,,,,,,,,
Plymouth Elementary Kids Run the Nation Running Club,,Plymouth,NH,03264,,,,,,,,,,,,,
Run Walk Brew,,Manchester,NH,03104,,,,,,,,,,,,,
2014 Run The Bridge Workout Series,,Moorestown,NJ,08057,,http://www.teamtindall.com,,,,,,,,,,,
2015 Adrenaline 5k Training Program,,Moorestown,NJ,08057,,http://www.runningco.com,,,,,,,,,,,
2015 Philly Love Run 13.1 Training Program,,Moorestown,NJ,08057,,http://www.runningco.com,,,,,,,,,,,
4Angels,,robbinsville,NJ,08691,,,,,,,,,,,,,
Achilles New Jersey,,ENGLEWOOD,NJ,08057,,,,,,,,,,,,,
Amazing Feet Running Club,,Morristown,NJ,07960,,,,,,,,,,,,,
ARQ RC,,Mount Tabor,NJ,07878,,http://www.njtrailseries.com,,,,,,,,,,,
Audubon Apes Track Club,,Audubon,NJ,08106,,,,,,,,,,,,,
Bella N Motion,,Mantoloking,NJ,08738,,,,,,,,,,,,,
Bergen Runners,,River Edge,NJ,07661,,,,,,,,,,,,,
Central Jersey Road Runners Club,,Cranford,NJ,07016,,,,,,,,,,,,,
CENTRAL JERSEY ROAD RUNNERS CLUB,,Cranford,NJ,07016,,,,,,,,,,,,,
Clifton RoadRunners,,Glen Ridge,NJ,07028,,,,,,,,,,,,,
Clifton RoadRunners,,Glen Ridge,NJ,07028,,,,,,,,,,,,,
Cranford Youth Track &amp; Field,,Cranford,NJ,07016,,,,,,,,,,,,,
Cycling Club,,Moorestown,NJ,08057,,,,,,,,,,,,,
De Novo Harriers,,Ridgewood,NJ,07450,,,,,,,,,,,,,
Dia-Beat-It Runners,,Hoboken,NJ,07030,,http://www.diabeatitrunners.org,,,,,,,,,,,
Domain Test,,Blackwood,NJ,08012,,,,,,,,,,,,,
Dominican Runners,,West New York,NJ,07093,,,,,,,,,,,,,
Essex Running Club,,Verona,NJ,07044,,,,,,,,,,,,,
Field Hockey Lacross fitness,,Moorestown,NJ,08057,,,,,,,,,,,,,
First Membership Organization,,Moorestown,NJ,08057,,,,,,,,,,,,,
Freehold Area Running Club,,Point Pleasant Boro,NJ,08742,,,,,,,,,,,,,
Friends of the Johnson Public Library Inc.,,Hackensack,NJ,07601,,,,,,,,,,,,,
Gloucester County Running Club,,Mt Royal,NJ,08061,,http://www.rungcrc.com,,,,,,,,,,,
Hill Runners of Hunterdon,,Hampton,NJ,08827,,,,,,,,,,,,,
Hope We Finish,,Long Branch,NJ,07740,,,,,,,,,,,,,
Hospitality Run Club,,Jersey City,NJ,07304,,,,,,,,,,,,,
Inspire Nation,,Northfield,NJ,08225,,,,,,,,,,,,,
Jersey Shore Running Club,,Shrewsbury,NJ,07702,,http://www.jsrc.org,,,,,,,,,,,
"Jersey Women Strong, LLC",,Ridgewood,NJ,07450,,,,,,,,,,,,,
Jonathan&#039;s Club,,Moorestown,NJ,08057,,,,,,,,,,,,,
Kevin Lai Test,,Moorestown,NJ,08057,,,,,,,,,,,,,
Live Run Give: Run With Us Club,,Lake Hopatcong,NJ,07849,,,,,,,,,,,,,
MEAN GUY running &amp; GDFAR Challenges,,Anywhere,NJ,08085,,,,,,,,,,,,,
Medford Milers,,Medford Lakes,NJ,08055,,http://www.medfordnjmilers.com/projects/,,,,,,,,,,,
MoCo RUN CLUB,,Freehold,NJ,07728,,,,,,,,,,,,,
MXC,,Moorestown,NJ,08057,,http://RunSignUp.com/MXC,,,,,,,,,,,
New Jersey Maniacs,,Sayreville,NJ,08854,,,,,,,,,,,,,
New Jersey Pacers Run Club,,Glen Rock,NJ,07452,,,,,,,,,,,,,
New Jersey Run Club,,Rochelle Park,NJ,07662,,https://www.strava.com/clubs/1760754,,,,,,,,,,,
New Milford Ed Foundation Road Runners Club,,New Milford,NJ,07646,,,,,,,,,,,,,
North Jersey Masters,,Ridgewood,NJ,07451,,http://njmasters.com,,,,,,,,,,,
Ocean Running Club,,Bayville,NJ,08721,,,,,,,,,,,,,
Palisades Running Club,,Demarest,NJ,07627,,,,,,,,,,,,,
Pineland Striders,,South Jersey,NJ,08053,,,,,,,,,,,,,
Princeton Athletic Club,,Princeton,NJ,08542,,,,,,,,,,,,,
Princeton Half Training,,BRIDGEWATER,NJ,08807,,,,,,,,,,,,,
Purpose Runners Foundation,,newark,NJ,07105,,http://www.purposerunners.org,,,,,,,,,,,
Purpose Runners Foundation,,Newark,NJ,07105,,http://www.purposerunners.org,,,,,,,,,,,
Raritan Valley Road Runners,,Highland Park,NJ,08904,,,,,,,,,,,,,
Rich Test Member Org,,Moorestown,NJ,08057,,,,,,,,,,,,,
River Rats Athletics,,Phillipsburg,NJ,08865,,,,,,,,,,,,,
Road Runners Club of Woodbury,,West Deptford,NJ,08086,,https://www.rrcwoodbury.com,,,,,,,,,,,
Rose City Runners,,Madison,NJ,07940,,,,,,,,,,,,,
Running 101: 2013 Haddonfield Adrenaline 5k,,Moorestown,NJ,07006,,,,,,,,,,,,,
RunningCo. Fall 2013 Running 101,,Haddonfield,NJ,08033,,,,,,,,,,,,,
RunningCo. Ladies Distance Training: Perfect 10 Miler/Philadelphia Half Marathon,,Moorestown,NJ,08057,,http://www.runningco.com,,,,,,,,,,,
RunningCo. Philly Rock &#039;n Roll Half training program 2014,,Moorestown,NJ,08057,,http://www.runningco.com,,,,,,,,,,,
RunningCo. Running 101 for 5k Summer 2014,,Moorestown,NJ,08057,,http://www.runningco.com,,,,,,,,,,,
RunSignUp.com,,Moorestown,NJ,08057,,,,,,,,,,,,,
Sassquad Trail Runners,,West Orange,NJ,07422,,,,,,,,,,,,,
Shore Athletic Club,,Belford,NJ,07670,,https://www.gone-running.com/,,,,,,,,,,,
SOMA Fox Running Club,,East Hanover,NJ,07936,,,,,,,,,,,,,
South Jersey Athletic Club,,Haddonfield,NJ,08033,,,,,,,,,,,,,
Southern Ocean Ladies Running Club,,Barnegat,NJ,08005,,,,,,,,,,,,,
Test Club,,Moorestown,NJ,08057,,,,,,,,,,,,,
The Club About Nothing,,Anywhere in the U.S.,NJ,08057,,,,,,,,,,,,,
The Energetic Way,,Maplewood,NJ,07040,,https://www.cultivatehealthcoaching.com/,,,,,,,,,,,
The Energetic Way,,Maplewood,NJ,07040,,https://www.cultivatehealthcoaching.com/,,,,,,,,,,,
The Philly Love Run Training Program 2014,,Moorestown,NJ,08057,,http://www.runningco.com,,,,,,,,,,,
Thriving Joy Track Club,,West Deptford,NJ,08096,,,,,,,,,,,,,
To Be Determined,,Moorestown,NJ,08057,,,,,,,,,,,,,
Uptown Gentlefriends,,Trenton,NJ,08620,,,,,,,,,,,,,
Vineland Police Athletic League,,Vineland,NJ,08360,,,,,,,,,,,,,
Wemrock Brook Schhol,,manalapan,NJ,07726,,,,,,,,,,,,,
Women Only: Philadelphia Rock &#039;n Roll Half Marathon Training at Moorestown Running Company,,Moorestown,NJ,08057,,,,,,,,,,,,,
Coyote Runners,,Alamogordo,NM,88310,,,,,,,,,,,,,
Las Cruces Running Club,,Las Cruces,NM,88005,,,,,,,,,,,,,
One World Athletics,,Albuquerque,NM,87106,,,,,,,,,,,,,
Pecos Running Club,,Artesia,NM,88210,,https://pecos-running-club.square.site,,,,,,,,,,,
Santa Fe Men&#039;s Camerata,,Santa Fe,NM,87508,,,,,,,,,,,,,
Santa Fe Striders,,Santa Fe,NM,87504,,https://santafestriders.org,,,,,,,,,,,
2016 Syrathon,,East Syracuse,NY,13057,,http://www.fleetfeetsyracuse.com/events/syrathon-race-series,,,,,,,,,,,
2017 Syrathon,,East Syracuse,NY,13057,,http://www.fleetfeetsyracuse.com/events/syrathon-race-series,,,,,,,,,,,
Adirondack Multi-Sport Club,,Glens Falls,NY,12801,,,,,,,,,,,,,
Albany Running Club,,Albany,NY,12203,,,,,,,,,,,,,
AVs KASALY,,New York,NY,10001,,,,,,,,,,,,,
Beacon Endurance Inc.,,Beacon,NY,12508,,,,,,,,,,,,,
Brooklyn Tech Runners,,Brooklyn,NY,11231,,,,,,,,,,,,,
Brooks Fleet Feet Racing Team - 2015,,Rochester,NY,14620,,http://www.fleetfeetrochester.com,,,,,,,,,,,
Broome County Triathlon Club (BCTC),,Johnson City,NY,13790,,,,,,,,,,,,,
Buffalo Triathlon Club,,East Amherst,NY,14051,,,,,,,,,,,,,
CNY Paddle Club,,Syracuse,NY,13031,,,,,,,,,,,,,
CNY Triathlon Club,,Dewitt,NY,13214,,,,,,,,,,,,,
"Creative Living Runners Club, LLC",,New YorK,NY,10034,,,,,,,,,,,,,
CSIS Running Team,,Mt Sinai,NY,11766,,,,,,,,,,,,,
E.C. Myer running club,,Hurley,NY,12443,,,,,,,,,,,,,
Eastern Dutchess Road Runners Club,,Pleasant Valley,NY,12569,,,,,,,,,,,,,
Electric City Runners,,Schenectady,NY,12309,,http://www.electriccityrunners.org,,,,,,,,,,,
FINGER LAKES HEALTH RUNNING CLUB,,Geneva,NY,14456,,https://www.flhealth.org/,,,,,,,,,,,
Finger Lakes Runners Club,,Ithaca,NY,14852,,,,,,,,,,,,,
Finger Lakes Triathlon Club,,Geneva,NY,14456,,,,,,,,,,,,,
FitHer Club,,Clifton Park,NY,12065,,,,,,,,,,,,,
Fleet Feet Dirt Club,,Victor,NY,14564,,,,,,,,,,,,,
Fleet Feet Race Team - WNY,,Rochester,NY,14620,,,,,,,,,,,,,
FLX Paddle Club,,Camillus,NY,13031,,,,,,,,,,,,,
Genesee Valley Harriers,,Farmington,NY,14425,,,,,,,,,,,,,
Greater Buffalo Track Club,,Buffalo,NY,14225,,https://www.strava.com/clubs/GreaterBuffaloTrackClub,,,,,,,,,,,
Greater Long Island Running Club,,Plainview,NY,11803,,,,,,,,,,,,,
Greater Rochester Running Club,,Rochester,NY,14618,,,,,,,,,,,,,
Grim Reaper Fitness - Northeast,,Webster,NY,14580,,,,,,,,,,,,,
Holy Cross Runners,,Dewitt,NY,13224,,http://www.RRCA.org/programs/kids-run-the-nation-program/,,,,,,,,,,,
Hoptron Running Club,,Patchogue,NY,11772,,,,,,,,,,,,,
Hudson Valley Triathlon Club,,Mt. Tremper,NY,12457,,http://www.coachmarkwilson.com/races-and-events/,,,,,,,,,,,
iadams eddds,,Secaucus,NY,10025,,,,,,,,,,,,,
Inside Out Run Club,,Baldwin,NY,11510,,https://www.storessimple.com/prideembroidery/groupproducts.php?prodgroup_id=38094&amp;prodgroupbypass=true,,,,,,,,,,,
Ionraic Triathlon Club,,Buffalo,NY,14221,,,,,,,,,,,,,
"Island Running, Inc / Peconic Trails",,Calverton,NY,11933,,http://www.lirunning.com,,,,,,,,,,,
Karen B Murray,,Mamaroneck,NY,10543,,,,,,,,,,,,,
KC.Run.Coach,,Williamsville,NY,14221,,,,,,,,,,,,,
Kensington Road Runners,,Glens Falls,NY,12801,,,,,,,,,,,,,
Landshark Endurance,,Long Beach,NY,11561,,,,,,,,,,,,,
Lifetime Runnin&#039; of the Green Members,,Rochester,NY,14620,,,,,,,,,,,,,
LuminosityRunning,,Middle Village,NY,11379,,http://www.luminosityrunning.com,,,,,,,,,,,
Medved Endurance Project,,Pittsford,NY,14618,,,,,,,,,,,,,
Melt the Frost Strength and Mobility Series,,Rochester,NY,14607,,,,,,,,,,,,,
Mid-Hudson Road Runner’s Club,,Lagrangeville,NY,12540,,,,,,,,,,,,,
Miles &amp; Brews Run Club presented by Sloop Brewing Company &amp; Fleet Feet Poughkeepsie,,Hopewell Junction,NY,12533,,,,,,,,,,,,,
Mohawk Valley Hill Striders,,Yorkville,NY,13495,,,,,,,,,,,,,
Nassau Police Running Club,,Mineola,NY,11530,,http://www.nprunclub.org,,,,,,,,,,,
New York City Marathon,,Ridgewood,NY,11385,,,,,,,,,,,,,
New York Paddlesports Racing Association,,Memphis,NY,13112,,,,,,,,,,,,,
New York State Section of the American Association of Physics Teachers,,Syracuse,NY,13244,,,,,,,,,,,,,
NewRo Runners,,White Plains,NY,10605,,,,,,,,,,,,,
North Fork Running Club,,Cutchogue,NY,11935,,http://www.northforkrunning.com,,,,,,,,,,,
Northport Running Club,,Northport,NY,11768,,,,,,,,,,,,,
Obatron Race Team,,Rochester,NY,14612,,,,,,,,,,,,,
Orange Runners Club,,Middletown,NY,10940,,,,,,,,,,,,,
Orange Runners Club Grand Prix,,Middletown,NY,10940,,,,,,,,,,,,,
Orangetown Women Run,,Orangeburg,NY,10962,,,,,,,,,,,,,
"Oz Running Club, Inc.",,Oswego,NY,13126,,http://ozrunningclub.org,,,,,,,,,,,
PACE PROJECT,,Rochester,NY,14620,,,,,,,,,,,,,
PACE Runs Member,,New York,NY,10001,,http://paceruns.com,,,,,,,,,,,
Perry Williams Talent Enhancement,,Greenvale,NY,11548,,https://www.linkedin.com/company/perry-williams-leadership-conference,,,,,,,,,,,
Plant Based Performance Runners,,Rochester,NY,14618,,,,,,,,,,,,,
Project BOOST,,Bronx,NY,10451,,,,,,,,,,,,,
Project BOOST,,Bronx,NY,10451,,,,,,,,,,,,,
Rebecca Copp Running &amp; Wellness,,Corning,NY,14830,,,,,,,,,,,,,
Rebellion Running,,Painted Post,NY,14870,,,,,,,,,,,,,
Rivertown Runners,,Sleepy Hollow,NY,10591,,,,,,,,,,,,,
Roadkill Racing,,Williamson,NY,14589,,,,,,,,,,,,,
Rochester Area Triathletes,,Rochester,NY,14610,,https://qteamstore.com/collections/rats-2022?ls=bvvxuCOURYq_sJ00BaxYTQ,,,,,,,,,,,
Rochester Running Company Ambassadors,,Rochester,NY,14620,,,,,,,,,,,,,
Rockland Road Runners,,Congers,NY,10920,,,,,,,,,,,,,
RollAround Skate Club,,Harpursville,NY,13787,,,,,,,,,,,,,
Roman Runners,,Rome,NY,13440,,,,,,,,,,,,,
Roundabout Runners Club,,Malta,NY,12020,,http://www.malta5k.com,,,,,,,,,,,
RRC Under 30 Run Club,,Rochester,NY,14620,,,,,,,,,,,,,
Run Oceanside,,Oceanside,NY,11572,,,,,,,,,,,,,
RUN PB,,Peekskill,NY,10566,,,,,,,,,,,,,
RUN ROCKAWAY BEACH,,Rockaway Park,NY,11694,,,,,,,,,,,,,
Run Talk ROC &amp; Walk Talk ROC,,Spencerport,NY,14559,,,,,,,,,,,,,
Run With Mike,,Staten Island,NY,10312,,http://www.irunwithmike.com,,,,,,,,,,,
"Run2LIVE, Inc.",,New York,NY,10003,,http://runtwolive.org,,,,,,,,,,,
Runner&#039;s Edge VIP Family,,Farmingdale,NY,11735,,,,,,,,,,,,,
Saratoga Stryders,,Saratoga Springs,NY,12866,,https://forms.gle/z5tjU9N4txtstGqQ6,,,,,,,,,,,
Saratoga Triathlon Club,,Saratoga Springs,NY,12866,,https://saratogatriclub.us4.list-manage.com/subscribe?u=378d37edf94fb203f58c882e4&amp;id=f31bef44f4,,,,,,,,,,,
Shawangunk Runners,,New Paltz,NY,12561,,,,,,,,,,,,,
SOAR Running Club,,Painted Post,NY,14870,,http://www.soar.run,,,,,,,,,,,
Southern Tier Running Club,,Corning,NY,14830,,,,,,,,,,,,,
Southern Tier Triathlon Club,,Cassadaga,NY,14718,,http://coachmarkwilson.com/races-and-events/,,,,,,,,,,,
Striders Athletic Club,,Jamestown,NY,14701,,,,,,,,,,,,,
SUB3 Coaching,,Manorville,NY,11949,,http://www.sub3coaching.com,,,,,,,,,,,
Sullivan Striders,,Rock Hill,NY,12775,,http://www.sullivanstriders.org,,,,,,,,,,,
Super Runners Shop Running Club,,New York,NY,10019,,https://superrunnersshop.com/,,,,,,,,,,,
Syracuse Chargers,,Liverpool,NY,13214,,,,,,,,,,,,,
Taconic Road Runner&#039;s Club,,Shrub Oak,NY,10588,,,,,,,,,,,,,
Team We Run Kings,,New York,NY,10001,,https://werunkings.com/,,,,,,,,,,,
Test Club,,Rochester,NY,14618,,,,,,,,,,,,,
Triple Cities Runners Club,,Binghamton,NY,13903,,https://www.triplecitiesrunnersclub.org/_files/ugd/ca6388_fcc488449ae947619fb67f417d5a02f9.pdf,,,,,,,,,,,
Ukrainian Running Clib New York,,Brooklyn,NY,11215,,,,,,,,,,,,,
Upstate Panthers,,Schodack Landing,NY,12156,,,,,,,,,,,,,
Utica Roadrunners,,Utica,NY,13504,,,,,,,,,,,,,
Van Cortlandt Track Club,,Bronx,NY,10471,,,,,,,,,,,,,
Walk To Run Fitness,,Sayville,NY,11782,,http://www.walktorunfitness.com,,,,,,,,,,,
WOLFPACK Pups,,Rochester,NY,14617,,,,,,,,,,,,,
Woodlawn Run for a Cause,,Yonkers,NY,10704,,http://www.woodlawnrunforacause.org,,,,,,,,,,,
YellowJacket Racing Golden Bib,,Rochester,NY,14618,,http://www.yellowjacketracing.com,,,,,,,,,,,
70.3 Triathlon Training Program,,Greenville,NC,27858,,,,,,,,,,,,,
Asheville Track Club,,Asheville,NC,28801,,http://ashevilletrackclub.org/,,,,,,,,,,,
Belmont Run Club,,Belmont,NC,28012,,,,,,,,,,,,,
Blue Devil Coaching,,Durham,NC,22705,,,,,,,,,,,,,
Boys Run Club,,Durham,NC,27707,,,,,,,,,,,,,
Cape Fear High FFA Alumni and Supporters,,Fayetteville,NC,28312,,,,,,,,,,,,,
Charlotte Run Walk Club,,Charlotte,NC,28207,,,,,,,,,,,,,
Charlotte Running Club,,Charlotte,NC,28234,,http://www.charlotterunningclub.org,,,,,,,,,,,
Charlotte Track Club,,Charlotte,NC,28212,,http://www.charlottetrackclub.org,,,,,,,,,,,
"Clearmont Volunteer Fire Department, Inc",,Burnsville,NC,28714,,,,,,,,,,,,,
Colt Pride Alumni Association,,Stedman,NC,28391,,,,,,,,,,,,,
Common Joggers,,Durham,NC,27705,,,,,,,,,,,,,
CONN Run Club,,Raleigh,NC,27604,,,,,,,,,,,,,
Cooper River 10K Training Program,,Greenville,NC,27858,,,,,,,,,,,,,
Crop &amp; Trade Coop,,Boone,NC,28607,,,,,,,,,,,,,
EPIC Running by KRTN,,Wilmington,NC,28409,,http://www.krtnilm.org,,,,,,,,,,,
Fayetteville Running Club,,Fayetteville,NC,28305,,https://www.meetup.com/fayrunclub,,,,,,,,,,,
Fit Brain Run,,Stanley,NC,28164,,,,,,,,,,,,,
Fleet Feet Training Programs,,Carrboro,NC,27510,,,,,,,,,,,,,
Free Runners Track Club,,Durham,NC,27703,,,,,,,,,,,,,
FS Racing Team,,Raleigh,NC,27614,,,,,,,,,,,,,
Full Marathon Training Program,,Greenville,NC,27858,,,,,,,,,,,,,
Gate City Athletics,,Greensboro,NC,27410,,,,,,,,,,,,,
Greensboro Running Club,,Greensboro,NC,27403,,,,,,,,,,,,,
Harnett Area Running Club,,Coats,NC,27521,,,,,,,,,,,,,
Hillsborough Running Club,,Hillsborough,NC,27278,,,,,,,,,,,,,
Holiday Family Run Club,,Carrboro,NC,27510,,,,,,,,,,,,,
Jus&#039; Running Pub Run,,Asheville,NC,28804,,https://www.jusrunning.com/pub-run/,,,,,,,,,,,
Kids Run the Nation,,Chapel Hill,NC,27517,,,,,,,,,,,,,
Kids Run The Nation,,Stanley,NC,28164,,,,,,,,,,,,,
KRTN-Wilmington,,Wilmington,NC,28409,,http://www.krtnilm.org,,,,,,,,,,,
"KRTN-Wilmington, NC",,Wilmington,NC,28409,,,,,,,,,,,,,
Lady Runners,,Leland,NC,28451,,,,,,,,,,,,,
Live Well Half Marathon Training Program,,Greenvile,NC,27858,,,,,,,,,,,,,
Mebane Running Club,,Mebane,NC,27302,,http://www.mebanerunningclub.org,,,,,,,,,,,
Mid-Carolina Multisport,,Hillsborough,NC,27278,,,,,,,,,,,,,
MOTM Kids Run,,Mebane,NC,27302,,http://www.mebaneonthemove.org/,,,,,,,,,,,
Nashville N.C. Running Club,,Nashville,NC,27856,,,,,,,,,,,,,
Nature Girl Rewild,,Carolina Beach,NC,28428,,,,,,,,,,,,,
New Hope Elementary Running Club,,Chapel Hill,NC,27514,,,,,,,,,,,,,
North Carolina Triathlon &amp; Cycling,,Chapel Hill,NC,27516,,,,,,,,,,,,,
Ocean Isle Beach Cyclist,,Ocean Isle Beach,NC,28469,,https://www.bikesignup.com/Race/NC/Burgaw/TourdeBlueberry,,,,,,,,,,,
Ocracoke Island Running Club,,Ocracoke,NC,27960,,,,,,,,,,,,,
Outer Banks Running Club,,Kill Devil Hills,NC,27948,,,,,,,,,,,,,
Pitt Street Run Club,,Greenville,NC,27834,,,,,,,,,,,,,
Purple Butterfly Running Club,,Charlotte,NC,28262,,,,,,,,,,,,,
Race City Elite,,MOORESVILLE,NC,28115,,,,,,,,,,,,,
Raleigh Running Collective,,Raleigh,NC,27615,,,,,,,,,,,,,
Running Wild Collective,,Fayetteville,NC,28301,,https://runningwildcollective21946261.wordpress.com,,,,,,,,,,,
Salisbury Rowan Runners,,Salisbury,NC,28145,,https://salisburyrowanrunners.org/,,,,,,,,,,,
Sandhills Running Club,,Carthage,NC,28327,,,,,,,,,,,,,
SOHO Running Club,,Shallotte,NC,28470,,,,,,,,,,,,,
St. Mark Spring Track,,Wilmington,NC,28404,,,,,,,,,,,,,
St. Marks Track,,Wilmington,NC,28403,,,,,,,,,,,,,
Stay F.I.T. Run Club,,Charlotte,NC,28212,,,,,,,,,,,,,
Team E3 Endurance,,Greensboro,NC,27410,,,,,,,,,,,,,
Test RCR,,Charlotte,NC,28211,,,,,,,,,,,,,
The Todd Mercantile,,Todd,NC,28684,,,,,,,,,,,,,
Thorn &amp; Bloom Running,,Apex,NC,27502,,,,,,,,,,,,,
Trec-USA,,Laurinburg,NC,28353,,http://trecusa.org,,,,,,,,,,,
Twin City Track Club,,Winston-Salem,NC,27102,,https://twincitytcflyer.org/,,,,,,,,,,,
Uwharrie Running Club,,Albemarle,NC,28002,,,,,,,,,,,,,
We Support Ethiopia,,"Charlotte, NC",NC,28205,,,,,,,,,,,,,
Williston Gregory Cross Country Team,,Wilmington,NC,28401,,http://www.lionpride5k.com,,,,,,,,,,,
Williston/Gregory XC /Trailblazers,,Wilmington,NC,28401,,,,,,,,,,,,,
Wilmington Road Runners Club,,Wilmington,NC,28409,,https://apparelnow.shop/collections/wilmington-road-runners-club-wrrc,,,,,,,,,,,
Without Limits Trailblazers Youth,,Wilmington,NC,28403,,https://runners-essentials.com/collections,,,,,,,,,,,
Aber Community Club,,Abercrombie,ND,58001,,,,,,,,,,,,,
Lowellville Fitness LLC,,Lowellville,OH,44436,,,,,,,,,,,,,
5 Rivers Running Team,,Dayton,OH,45409,,,,,,,,,,,,,
Advance - Kid&#039;s Fitness Challenge,,Bellville,OH,44813,,http://stephaniekurtzlmt.wix.com/livelifebetter,,,,,,,,,,,
Ashtabula County Track &amp; Field,,Ashtabula,OH,44005,,http://ashtabulacountytrack.com,,,,,,,,,,,
Ashtabula Distance Runners,,Ashtabula,OH,44005,,,,,,,,,,,,,
Ashtabula Stride,,Ashtabula,OH,44004,,,,,,,,,,,,,
Ashtabula Stride Youth Track,,Ashtabula,OH,44004,,,,,,,,,,,,,
Athens Athletics Club,,Athens,OH,45701,,,,,,,,,,,,,
Cleveland Road Runners Club,,Lakewood,OH,44107,,,,,,,,,,,,,
Club 6RUN4,,Worthington,OH,43085,,,,,,,,,,,,,
Columbiana Kids,,Columbiana,OH,44408,,,,,,,,,,,,,
Columbus Eastside Running Club,,Columbus,OH,43209,,http://www.columbuseastsiderunningclub.com,,,,,,,,,,,
Columbus Roadrunners Club,,Powell,OH,43065,,,,,,,,,,,,,
Columbus Westside Running Club,,Columbus,OH,43215,,,,,,,,,,,,,
Conneaut Hoplites,,Ashtabula,OH,44004,,,,,,,,,,,,,
Conneaut Hoplites,,Ashtabula,OH,44004,,,,,,,,,,,,,
DRS Brand Discounts,,Perrysburg,OH,43551,,,,,,,,,,,,,
Extremity Sports,,greenville,OH,45331,,,,,,,,,,,,,
Flatlanders Bicycle Club,,Lindsey,OH,43442,,,,,,,,,,,,,
Fleet Feet Columbus Track Club,,Worthington,OH,43085,,,,,,,,,,,,,
Fremont Elite Runners Club,,Lindsey,OH,43442,,,,,,,,,,,,,
Fully Packed Ohio,,Greenville,OH,45331,,,,,,,,,,,,,
Garrettsville Road Runners Club,,Garrettsville,OH,44231,,,,,,,,,,,,,
Golden Bear Run Club,,Upper Arlington,OH,43220,,,,,,,,,,,,,
Hermes Cleveland Road Race Series,,Cleveland,OH,44113,,,,,,,,,,,,,
LAND Global Run Club LGRC,,Westerville,OH,43081,,,,,,,,,,,,,
North Water Brewing Run Club,,Kent,OH,44240,,,,,,,,,,,,,
Ohio Challenge Series,,Columbus,OH,43212,,,,,,,,,,,,,
Ohio River Road Runners Club,,Beavercreek,OH,45434,,,,,,,,,,,,,
Plant Strong Running,,Seattle,OH,98119,,http://www.plantstrongrunning.com,,,,,,,,,,,
Ritta&#039;s Running Rebels,,reynoldsburg,OH,43068,,,,,,,,,,,,,
Run From Addiction,,Columbus,OH,43222,,,,,,,,,,,,,
Runners&#039; Club of Greater Cincinnati,,Cincinnati,OH,45208,,,,,,,,,,,,,
Running Coach Carroll,,Akron,OH,44303,,,,,,,,,,,,,
Running Time Run Club,,Cincinnati,OH,45242,,http://www.runningtime.net,,,,,,,,,,,
Start2Finish,,Akron,OH,44319,,,,,,,,,,,,,
Summer Run Club - Harbor Hustlers,,Cleveland,OH,44114,,,,,,,,,,,,,
Team Coach Mac,,Cleveland,OH,44118,,http://teammarathon.org,,,,,,,,,,,
Team FrontRunner,,Columbus,OH,43221,,,,,,,,,,,,,
Team Toledo Triathlon Club,,Sylvania,OH,43560,,,,,,,,,,,,,
Teter Brothers Running Company,,Miamisburg,OH,45342,,,,,,,,,,,,,
Toledo Area Bicyclists,,Maumee,OH,43537,,,,,,,,,,,,,
Toledo Roadrunners Club,,Maumee,OH,43537,,https://www.strava.com/athletes/128726,,,,,,,,,,,
Unified Athletics Club,,Columbus,OH,43235,,http://www.unifiedathleticsclub.com/,,,,,,,,,,,
Youngstown Road Runners Club,,Youngstown,OH,44511,,,,,,,,,,,,,
Big River Racing - Tulsa,,Tulsa,OK,74114,,,,,,,,,,,,,
Cloud Nine Running,,Stillwater,OK,74075,,,,,,,,,,,,,
Club Pub Run,,Tulsa,OK,74120,,,,,,,,,,,,,
Courage Running,,Oklahoma City,OK,73103,,http://www.couragerunning.com,,,,,,,,,,,
Crossroads Running Club,,Ada,OK,74820,,,,,,,,,,,,,
Mighty Mustangs,,Oklahoma City,OK,73139,,,,,,,,,,,,,
Red Coyote Coyote Crew,,Oklahoma City,OK,73118,,,,,,,,,,,,,
RunLawton,,LAWTON,OK,73501,,http://www.runlawton.com,,,,,,,,,,,
Tatur Racing,,Broken Arrow,OK,74012,,,,,,,,,,,,,
The Urban Kids Club,,Oklahoma City,OK,73135,,https://www.theurbankidsclub.org,,,,,,,,,,,
Toe The Line Running Training,,Locust Grove,OK,74352,,,,,,,,,,,,,
Tulsa Area Triathletes Membership,,Tulsa,OK,74105,,,,,,,,,,,,,
Tulsa Running Club,,Tulsa,OK,74152,,,,,,,,,,,,,
AeroDorks Global,,Salem,OR,97306,,,,,,,,,,,,,
Big Timber Running Club,,Eugene,OR,97401,,,,,,,,,,,,,
Eastwind Running and Endurance,,Fairview,OR,97024,,,,,,,,,,,,,
Evergreen Run Club PDX,,Portland,OR,97215,,,,,,,,,,,,,
Heart of the Valley Runners,,Corvallis,OR,97330,,http://hotvrunners.com/,,,,,,,,,,,
Oregon Road Runners Club,,Beaverton,OR,97075,,,,,,,,,,,,,
Portland Triathlon Club,,Portland,OR,97208,,,,,,,,,,,,,
Running With Doc,,Newberg,OR,97132,,http://www.runningwithdoc.com,,,,,,,,,,,
South Coast Running Club,,Coos Bay,OR,97420,,http://www.southcoastrunningclub.com,,,,,,,,,,,
Southern Oregon Runners,,Medford,OR,97501,,,,,,,,,,,,,
Team Red Lizard,,Portland,OR,97239,,,,,,,,,,,,,
Terrapin Discount Club!,,Portland,OR,97202,,http://www.terrapinevents.com,,,,,,,,,,,
test - to be deleted,,corvallis,OR,97333,,,,,,,,,,,,,
Tiffany Henness,,McMinnville,OR,97128,,http:// http://thoroughlythriving.com/coaching,,,,,,,,,,,
Train with Tracy NW Fourth Qtr,,Corvallis,OR,97333,,http://www.runningprincess.com/trainwithtracynw,,,,,,,,,,,
Willamette Valley Road Runners,,Salem,OR,97302,,,,,,,,,,,,,
Willamette Valley Triathlon Club,,Salem,OR,97317,,http://wvtriathletes.org,,,,,,,,,,,
724 Run Club,,Latrobe,PA,15650,,,,,,,,,,,,,
AS You Run,,Plains,PA,18702,,,,,,,,,,,,,
Barrier Breakers 900,,Forty Fort,PA,18704,,http://www.valleyrunningcompany.co,,,,,,,,,,,
Barrier Breakers: Beginner Training Program,,Scranton,PA,18508,,,,,,,,,,,,,
Barrier Breakers: Intermediate Training Program,,Scranton,PA,18508,,,,,,,,,,,,,
Barrier Breakers: Walking Training Program,,Scranton,PA,18508,,,,,,,,,,,,,
Beginner 5K Training Program,,Scranton,PA,18508,,http://www.srcbarrierbreakers.com,,,,,,,,,,,
Ben Franklin Harriers Club,,Indiana,PA,15701,,http://www.iasd.cc,,,,,,,,,,,
Bikes &amp; Beers IPA Club,,North Wales,PA,19454,,,,,,,,,,,,,
Blazin&#039; Sports Backers,,Birdsboro,PA,19508,,,,,,,,,,,,,
Bridge The Gap Workouts,,kulpsville,PA,19440,,,,,,,,,,,,,
Bryn Mawr Running Club,,Bryn Mawr,PA,19010,,,,,,,,,,,,,
Bucks County Roadrunners,,Newtown,PA,18940,,http://ws.bcrrclub.com,,,,,,,,,,,
Butler County Milers,,Butler,PA,16001,,https://www.butlercountymilers.org,,,,,,,,,,,
Carwash Association of Pennsylvania,,Altoona,PA,16601,,,,,,,,,,,,,
Castaldi Physical Therapy Program,,Scranton,PA,18508,,,,,,,,,,,,,
Downingtown Running Club,,Downingtown,PA,19335,,,,,,,,,,,,,
Downingtown West Track Crew,,Downingtown,PA,19335,,,,,,,,,,,,,
EnFlyte Club,,Coopersburg,PA,18036,,http://www.endurancemultisport.com,,,,,,,,,,,
EnFlyte Club &amp; Coaching,,Macungie,PA,18062,,,,,,,,,,,,,
Erie Runners Club,,Erie,PA,16505,,,,,,,,,,,,,
First Responder / Military,,Monaca,PA,15061,,,,,,,,,,,,,
"Flying Feet Running Programs - Westminster, MD and Littlestown, PA",,Hanover,PA,17331,,,,,,,,,,,,,
Gotta Run,,Sinking Spring,PA,19608,,,,,,,,,,,,,
Greater Philadelphia Track Club,,Abington,PA,19001,,,,,,,,,,,,,
Grove City Athletics Club,,Grove City,PA,16127,,,,,,,,,,,,,
Harrisburg Area Road Runners Club (HARRC),,Harrisburg,PA,17101,,,,,,,,,,,,,
HYP Running Club,,Harrisburg,PA,17110,,http://hyp.org/sports/running-club/,,,,,,,,,,,
IJHS Runners,,Indiana,PA,15701,,http://www.iasd.cc,,,,,,,,,,,
IMA Running,,Pittsburgh,PA,15211,,,,,,,,,,,,,
JZ ENMU Run Coaching,,Emmaus,PA,18049,,http://www.endurancemultisport.com,,,,,,,,,,,
Lancaster Running Club,,Lancaster,PA,17602,,,,,,,,,,,,,
Lehigh Valley Road Runners,,Allentown,PA,18105,,,,,,,,,,,,,
Manatawny Athletic Club,,Pottstown,PA,19464,,,,,,,,,,,,,
Miles For Vascular Anomalies Run Walk Club,,Hershey,PA,17033,,,,,,,,,,,,,
MWS Race Team,,Montrose,PA,18801,,,,,,,,,,,,,
Nittany Valley Running Club,,State College,PA,16805,,,,,,,,,,,,,
Old Ezra Running Society,,Philadelphia,PA,19107,,,,,,,,,,,,,
Perry County Road Runners,,New Bloomfield,PA,17068,,,,,,,,,,,,,
Philadelphia Half Marathon Training (Scranton Running Co.),,Scranton,PA,18508,,http://scrantonrunning.com,,,,,,,,,,,
Philly Surge Running,,Philadelphia,PA,19146,,http://www.phillysurgerunning.com,,,,,,,,,,,
Pocono Area Running Club,,Stroudsburg,PA,18360,,,,,,,,,,,,,
Run With Your Heart Coaching,,Valencia,PA,16059,,http://www.runwithyourheart.net,,,,,,,,,,,
RUNegades,,Phoenixville,PA,19460,,,,,,,,,,,,,
Scranton Running Co: Marathon Training,,Scranton,PA,18508,,http://www.scrantonrunning.com,,,,,,,,,,,
Sonic Endurance,,Lansdale,PA,19446,,,,,,,,,,,,,
Spark Middle School Program,,Bethlehem,PA,18017,,http://www.sparkrunningclub.com,,,,,,,,,,,
Spring 2024 Smith Youth Track Club,,Philadelphia,PA,19139,,,,,,,,,,,,,
Spring 2026 Coaches Session,,Scranton,PA,18508,,,,,,,,,,,,,
SRC Barrier Breakers: Times Shamrock,,Scranton,PA,18505,,http://www.srcbarrierbreakers.com,,,,,,,,,,,
Steamtown Marathon Training,,Scranton,PA,18508,,,,,,,,,,,,,
Student discount here,,Bethlehem,PA,18020,,https://www.northampton.edu/spartan-sprint-5k.htm,,,,,,,,,,,
Team Philly Race Training,,Philadelphia,PA,19103,,http://teamphillyruns.com,,,,,,,,,,,
Test Club,,Philadelphia,PA,19145,,,,,,,,,,,,,
TNRL,,Harborcreek,PA,16510,,,,,,,,,,,,,
US Road Running Race Club,,"AR, AL, AZ, FL, GA, IA, KY, LA, MD, MI, NC, OH, OK, PA, TN, TX, UT, VA, WA",PA,17756,,https://www.strava.com/clubs/USRoadRunning,,,,,,,,,,,
Valley Running Company Half Training Program,,Forty Fort,PA,18704,,,,,,,,,,,,,
Watts/Kg,,Philadelphia,PA,19128,,http://wk.wattsxkg.com/,,,,,,,,,,,
WAVES,,Philadelphia,PA,19119,,,,,,,,,,,,,
West Chester MTB Team,,West Chester,PA,19380,,,,,,,,,,,,,
West Chester Running Club,,West Chester,PA,19380,,,,,,,,,,,,,
Women Run Montco,,Springhouse,PA,19477,,,,,,,,,,,,,
York Road Runners Club (YRRC),,York,PA,17405,,,,,,,,,,,,,
Yough River Brewing Run Club,,Connellsville,PA,15425,,,,,,,,,,,,,
Ocean State Runners Club,,Chepachet,RI,02814,,,,,,,,,,,,,
Rhode Runner Running Club,,Providence,RI,02904,,http://www.rhoderunner.com,,,,,,,,,,,
Royal Fire,,East providence,RI,02914,,http://Hsoares65@yahoo.com,,,,,,,,,,,
We Are Training 4 Life,,Cranston,RI,02920,,http://www.wearetraining4life.com/,,,,,,,,,,,
"Westerly Track &amp; Athletic Club, Inc.",,Westerly,RI,02891,,,,,,,,,,,,,
Aiken Running Club,,Aiken,SC,29802,,,,,,,,,,,,,
COLA Tri Club,,Columbia,SC,29204,,,,,,,,,,,,,
Columbia Running Club,,Columbia,SC,29250,,,,,,,,,,,,,
Endurance Cooperative,,North Charleston,SC,29405,,,,,,,,,,,,,
Grand Strand Running Club,,Myrtle Beach,SC,29579,,,,,,,,,,,,,
Greenville Tri Club,,Greenville,SC,29609,,,,,,,,,,,,,
GTCParks Kids Run the Nation,,Georgetown,SC,29440,,http://www.GTCParks.org,,,,,,,,,,,
Hilton Head Run Club,,Hilton Head Island,SC,29928,,https://www.hiltonheadrunningcompany.com/run-club,,,,,,,,,,,
Lowcountry Trail Runners,,Charleston,SC,29412,,https://palmetto-ultras.square.site/,,,,,,,,,,,
Mustangs Run the Nation,,Bluffton,SC,29910,,,,,,,,,,,,,
PRC Run Club,,Bluffton,SC,29910,,,,,,,,,,,,,
Private Run Coaching,,Fort Mill,SC,29715,,,,,,,,,,,,,
Rock Hill Striders,,Fort Mill,SC,29716,,,,,,,,,,,,,
RunGSP,,Greenville,SC,29607,,,,,,,,,,,,,
Upstate Running Club,,Greenville,SC,29607,,https://www.strava.com/clubs/UpstateRunningClub,,,,,,,,,,,
Yoga on the Terrace,,Landrum,SC,29356,,,,,,,,,,,,,
605 Run Crew,,Sioux Falls,SD,57104,,,,,,,,,,,,,
Black Hills Youth Running,,Rapid City,SD,57701,,http://www.bhyouthrunning.com,,,,,,,,,,,
Rapid City Distance,,Rapid City,SD,57701,,,,,,,,,,,,,
Rushmore Track Club,,Rapid City,SD,57702,,http://www.RaiderTrackandField.com,,,,,,,,,,,
the Milers Club,,Rapid City,SD,57701,,http://www.themilersclub.com,,,,,,,,,,,
ATF Legion,,Everywhere,TN,00000,,http://www.abovethefoldevents.com,,,,,,,,,,,
BarnabasRuns,,Kingsport,TN,37660,,,,,,,,,,,,,
BEAT,,College Grove,TN,37046,,,,,,,,,,,,,
Cedar City Running Club,,Lebanon,TN,37087,,,,,,,,,,,,,
Clarksville Running Club,,Clarksville,TN,37043,,,,,,,,,,,,,
Coach Rons&#039; Runners,,Franklin,TN,37069,,,,,,,,,,,,,
Covington Kids Run the Nation,,Covington,TN,38019,,http://www.covingtontn.com/covington-youth-sports.html,,,,,,,,,,,
Dr. Runs a Lot,,Collierville,TN,38017,,,,,,,,,,,,,
East TN Womens Triathlon Club,,Knoxville,TN,37932,,,,,,,,,,,,,
FFK Training,,Knoxville,TN,37934,,http://www.fleetfeetknoxville.com/train-with-us,,,,,,,,,,,
Fleet Feet Knoxville Racing,,Knoxville,TN,37934,,,,,,,,,,,,,
Fleet Feet Mt Juliet Running Club,,Mt Juliet,TN,37122,,http://fleetfeetmtjuliet.com,,,,,,,,,,,
Foothills Striders,,Alcoa,TN,37701,,,,,,,,,,,,,
Friends Of MFB,,Three Way,TN,38343,,,,,,,,,,,,,
Hendersonville Endurance Athletic Team (HEAT),,Hendersonville,TN,37075,,,,,,,,,,,,,
Imagine Foundry,,Cookeville,TN,38506,,,,,,,,,,,,,
In It For The Long Run,,Memphis,TN,38104,,http://happyskywalker.info,,,,,,,,,,,
Jackson Road Runners,,Jackson,TN,38303,,,,,,,,,,,,,
Knoxville Area Kids Run the Nation,,Maryville,TN,37803,,,,,,,,,,,,,
Knoxville Endurance Personal Coaching,,Knoxville,TN,37919,,http://www.knoxvilleendurance.com/index.htm,,,,,,,,,,,
Knoxville Track Club,,Knoxville,TN,37950,,https://www.linkedin.com/company/16000756,,,,,,,,,,,
Memories of Honor,,Nashville,TN,37014,,http://memoriesofhonor.org,,,,,,,,,,,
Memphis Runners Track Club,,Memphis,TN,38187,,,,,,,,,,,,,
Morristown Running and Hiking Club,,Morristown,TN,37815,,http://www.morrisotwnrunning.org,,,,,,,,,,,
Nashville Triathlon Club,,Nashville,TN,37212,,,,,,,,,,,,,
Nolensville Running Club,,Nolensville,TN,37135,,http://www.nolensvillerunningclub.com,,,,,,,,,,,
PBR Kids Club,,Knoxville,TN,37918,,,,,,,,,,,,,
PBR Kids Triathlon Club,,KNOXVILLE,TN,37918,,,,,,,,,,,,,
REGIMEN ENDURANCE,,Chattanooga,TN,37415,,,,,,,,,,,,,
Rocky Top Multisport Club (RTMC),,Knoxville,TN,37918,,http://rtmcknox.com,,,,,,,,,,,
Run 4our Life,,Memphis,TN,38141,,,,,,,,,,,,,
Run365,,Collierville,TN,38017,,,,,,,,,,,,,
RunCorps LLC,,Johnson City,TN,37601,,,,,,,,,,,,,
RunFellas,,Memphis,TN,38141,,,,,,,,,,,,,
State of Franklin Track Club,,Kingsport,TN,37663,,,,,,,,,,,,,
Team Magic,,Nashville,TN,37211,,https://www.t3triathlongear.com/team-magic-vip,,,,,,,,,,,
Tri-Cities Road Club,,Johnson City,TN,37602,,https://ridewithgps.com/clubs/16199-tri-cities-road-club/events,,,,,,,,,,,
Varsity Triathlon Club,,Hendersonville,TN,37075,,,,,,,,,,,,,
7run3,,Houston,TX,77007,,,,,,,,,,,,,
Abilene Runners Club,,Abilene,TX,79605,,http://www.abilenerunnersclub.org,,,,,,,,,,,
Abilene Runners Club,,Abilene,TX,79605,,,,,,,,,,,,,
ACT Running,,Austin,TX,78731,,http://actrunning.com,,,,,,,,,,,
Alamo City Running Club,,San antonio,TX,78242,,http://Alamocityrunning.com,,,,,,,,,,,
Bayou City Road Runners,,Houston,TX,77266,,,,,,,,,,,,,
BCRC Pace Crushers in Training,,KELLER,TX,76248,,https://bearcreekrunningco.com/,,,,,,,,,,,
BDNFit,,Missouri City,TX,77459,,,,,,,,,,,,,
Bearded Women Racing,,Dallas,TX,75208,,,,,,,,,,,,,
Bigfoot Running Company,,Montgomery,TX,77316,,,,,,,,,,,,,
Brenham Endurance Club,,Brenham,TX,77833,,,,,,,,,,,,,
Campbell Wellness Running Club,,Houston,TX,77055,,,,,,,,,,,,,
Campbell Wellness Running Club for Runners,,Houston,TX,77055,,,,,,,,,,,,,
Chicks with Kicks,,Dallas,TX,75231,,,,,,,,,,,,,
Club Spinistry,,Roanoke,TX,76262,,https://spinistry.rsupartner.com/,,,,,,,,,,,
Corpus Christi Road Runners,,Corpus Christi,TX,78414,,,,,,,,,,,,,
Cox Running Club,,FORT WORTH,TX,76179,,,,,,,,,,,,,
CRE in Motion,,Dallas,TX,75201,,http://CREinMotion.com,,,,,,,,,,,
Dallas Off-Road Bicycle Association,,Dallas,TX,75214,,http://www.dorba.org,,,,,,,,,,,
Dallas PAL,,Dallas,TX,75215,,http://www.dpdpal.com/,,,,,,,,,,,
Dallas Running Club,,Dallas,TX,75238,,,,,,,,,,,,,
Denton Area Running Club,,Denton,TX,76202,,,,,,,,,,,,,
Dream Chasers Running Club,,Sugar Land,TX,77479,,,,,,,,,,,,,
Edragon Running Club,,San Antonio,TX,78205,,,,,,,,,,,,,
Elite Triathlon Academy,,League City,TX,77573,,,,,,,,,,,,,
Fly Tri Racing,,Tyler,TX,75033,,http://www.flytriracing.com,,,,,,,,,,,
Frisco Running Club,,Frisco,TX,75033,,,,,,,,,,,,,
Full Potential Fitness &amp; Running Specialists,,San Antonio,TX,78240,,,,,,,,,,,,,
Fury Tri Team,,Katy,TX,77494,,http://www.furytriteam.com,,,,,,,,,,,
Fury Tri Team,,Katy,TX,77494,,https://www.furytriteam.com/,,,,,,,,,,,
Hardloop Endurance,,Richmond,TX,77406,,,,,,,,,,,,,
HAVEN HOMES TEXARKANA,,Texarkana,TX,75505,,,,,,,,,,,,,
HBCU Virtual Race Challenge,,San Antonio,TX,78253,,,,,,,,,,,,,
HMSA - Houston Masters Sports Association,,Houston,TX,77025,,,,,,,,,,,,,
Houston Area Road Runners Association,,Houston,TX,77006,,https://harra.org/running,,,,,,,,,,,
Houston Harriers,,Houston,TX,77008,,,,,,,,,,,,,
Houston Striders Running Club,,Houston,TX,77227,,,,,,,,,,,,,
Hunters Creek Elementary Kids Run the Nation,,Houston,TX,77055,,,,,,,,,,,,,
Irving Marathon Running Series,,Irving,TX,75039,,http://www.irvingmarathon.com,,,,,,,,,,,
JERRYS RUNNING CLUB,,Fort Worth,TX,76126,,,,,,,,,,,,,
Katy Area Running Club,,Katy,TX,77450,,,,,,,,,,,,,
Kids Run San Antonio,,San Antonio,TX,78255,,,,,,,,,,,,,
KMF ENDURE,,Denton,TX,76205,,,,,,,,,,,,,
Lake Grapevine Runners and Walkers,,Grapevine,TX,76051,,https://teamlocker.squadlocker.com/#/lockers/lgraw,,,,,,,,,,,
Lone Star Trail Runners,,College Station,TX,77845,,,,,,,,,,,,,
McKinney Running Club,,McKinney,TX,75071,,https://www.strava.com/clubs/mckrc,,,,,,,,,,,
Menninger on the Move,,Houston,TX,77035,,http://The Menninger Clinic ,,,,,,,,,,,
Midland Cheetah’s - Competition Only,,Midland,TX,79706,,,,,,,,,,,,,
Midland Cheetah’s 2026,,Garden City,TX,79739,,,,,,,,,,,,,
Midland Cheetah’s Local Sponsorship,,Midland,TX,79705,,,,,,,,,,,,,
Mile Strong Kids,,San Antonio,TX,78703,,http://www.milestrongkids.org,,,,,,,,,,,
Mountain View Runners,,Dallas,TX,75249,,,,,,,,,,,,,
NextGen Triathlon Club,,League City,TX,77573,,,,,,,,,,,,,
North Texas Striders,,Flower Mound,TX,75028,,,,,,,,,,,,,
Northside Running &amp; Tri,,Spring,TX,77380,,https://www.strava.com/clubs/northsiderunning,,,,,,,,,,,
Oak Cliff Bike Synergy,,Dallas,TX,75224,,http://Oakcliffbikesynergy.com,,,,,,,,,,,
PEP Running Club,,Bryan,TX,77802,,,,,,,,,,,,,
PMPRunning Race &amp; Club Membership,,San Antonio,TX,78229,,,,,,,,,,,,,
"Project Management of Running, LLC",,San Antonio,TX,78229,,,,,,,,,,,,,
Prosper Running Club,,Prosper,TX,75078,,,,,,,,,,,,,
Raven Runners,,Houston,TX,77098,,,,,,,,,,,,,
Rock&#039;nRoll Training Program,,San Antonio,TX,78255,,http://www.werunsanantonio.com,,,,,,,,,,,
RRT,,Rockwall,TX,75087,,,,,,,,,,,,,
S.W.A.T.T.,,Houston,TX,77060,,,,,,,,,,,,,
San Angelo Road Lizards,,San Angelo,TX,76902,,,,,,,,,,,,,
San Antonio RoadRunners,,San Antonio,TX,78212,,,,,,,,,,,,,
Sassy Blue Fitness,,Rockwall,TX,75087,,http://www.sassybluefitness.com,,,,,,,,,,,
Sea Rim Striders Running Club Membership,,Beaumont,TX,76262,,,,,,,,,,,,,
Stalwart Runners Club Argyle,,Argyle,TX,76226,,https://www.stalwartrunners.com/club-argyle,,,,,,,,,,,
Stalwart Runners Club Flower Mound,,Flower Mound,TX,75028,,https://www.stalwartrunners.com/club-flower-mound,,,,,,,,,,,
Stalwart Runners Club Northlake,,Northlake,TX,76247,,https://www.stalwartrunners.com/club-northlake,,,,,,,,,,,
TEAM Texarkana,,Texarkana,TX,75503,,http://www.teamtexarkana.com,,,,,,,,,,,
Test - Stalwart Runners,,Argyle,TX,76226,,,,,,,,,,,,,
Titan Running Club,,Austin,TX,78730,,,,,,,,,,,,,
Trail Roots,,Austin,TX,78701,,,,,,,,,,,,,
Tree Museum Of Dallas,,Dallas,TX,75217,,,,,,,,,,,,,
Trifit-XT,,Brenham,TX,77833,,,,,,,,,,,,,
Tuesday 5K Time Trial,,Sugar Land,TX,77479,,https://lifesagift.me/fit/running/tuesday-5k/,,,,,,,,,,,
Twin Peaks 4H,,Alpine,TX,79831,,,,,,,,,,,,,
TwoRunZero - 1:1 online training program,,San Antonio,TX,78254,,http://www.tworunzero.com,,,,,,,,,,,
TwoRunZero - Basic RnR training,,San Antonio,TX,78254,,http://www.tworunzero.com,,,,,,,,,,,
TwoRunZero - Basic RnR training with Boot Camp,,San Antonio,TX,78254,,http://www.tworunzero.com,,,,,,,,,,,
TwoRunZero Boot Camp,,San Antonio,TX,78254,,http://www.tworunzero.com,,,,,,,,,,,
USA Fit Cypress,,Cypress,TX,77433,,http://www.info@usafitcypress.com,,,,,,,,,,,
Victoria Area Road Runners Association,,Victoria,TX,77904,,https://teamlocker.squadlocker.com/#/lockers/victoria-area-road-runners-varra,,,,,,,,,,,
Waco Bicycle Club,,Waco,TX,76702,,https://www.strava.com/clubs/340757,,,,,,,,,,,
Waco Striders Running Club,,Hewitt,TX,76643,,https://wacostriders.groups.io/g/main/join,,,,,,,,,,,
We Run Training,,San Antonio,TX,78255,,http://www.werunsanantonio.com,,,,,,,,,,,
Wichita Falls Runners Club,,Wichita Falls,TX,76308,,,,,,,,,,,,,
Women&#039;s Running Coaches Collective,,Montgomery,TX,77356,,http://www.womensrunningcoaches.org/mission.html#/,,,,,,,,,,,
ATHLETICS EAST TRACK CLUB,,Midway,UT,84049,,,,,,,,,,,,,
High Elevation Coaching Services,,Midway,UT,84049,,,,,,,,,,,,,
RIOT Run Group,,Riverton,UT,84065,,,,,,,,,,,,,
ShellShokt Events,,Clearfield,UT,84015,,,,,,,,,,,,,
The Salt Lake City Track Club,,Salt Lake City,UT,84106,,,,,,,,,,,,,
Central Vermont Runners,,Montpelier,VT,05602,,,,,,,,,,,,,
2016 Apple Blossom 10K Training Group,,Winchester,VA,22601,,http://www.runnersretreat.com,,,,,,,,,,,
2017 Apple Blossom 10K Training Program,,Winchester,VA,22601,,http://www.runnersretreat.com,,,,,,,,,,,
2017 Battlefield Half Marathon Training Group,,Winchester,VA,22601,,http://www.runnersretreat.com,,,,,,,,,,,
2018 Apple Blossom 10K Training Program,,Winchester,VA,22601,,http://www.runnersretreat.com,,,,,,,,,,,
2019 Apple Blossom 10K Training Program,,Winchester,VA,22601,,http://www.runnersretreat.com,,,,,,,,,,,
2020 Apple Blossom 10K Training Program,,Winchester,VA,22601,,http://www.runnersretreat.com,,,,,,,,,,,
2026 Runners&#039; Retreat Loudoun Street Mile Training Program,,Winchester,VA,22601,,,,,,,,,,,,,
=PR= Run Club,,Midlothian,VA,23113,,,,,,,,,,,,,
Adventure Racing Cooperative,,Blacksburg,VA,24060,,http://arcooperative.org,,,,,,,,,,,
Ashburn Area Running Club,,Broadlands,VA,20148,,,,,,,,,,,,,
Bernard Pesjak,,Alexandria,VA,22312,,http://www.GetUpAndGoCoaching.com,,,,,,,,,,,
Blacksburg Striders,,Blacksburg,VA,24060,,,,,,,,,,,,,
Blue Ridge Trail Runners,,Lynchburg,VA,24501,,http://www.blueridgetrailrunners.com,,,,,,,,,,,
Camaron Ballard,,Mechanicsville,VA,23116,,,,,,,,,,,,,
Capital Area Runners,,Reston,VA,20194,,,,,,,,,,,,,
Charlottesville Alliance Sports Club,,Charlottesville,VA,22911,,,,,,,,,,,,,
Charlottesville Area Trail Runners,,Roseland,VA,22967,,,,,,,,,,,,,
Charlottesville Track Club,,Charlottesville,VA,22905,,,,,,,,,,,,,
CKG Race Team Club Membership Test,,Richmond,VA,23230,,,,,,,,,,,,,
Coach Amelia,,ALEXANDRIA,VA,22310,,,,,,,,,,,,,
Colonial Road Runners,,Williamsburg,VA,23187,,https://colonialroadrunners.org/schedule.html,,,,,,,,,,,
Dave Herring Run Coaching,,Manassas,VA,20109,,,,,,,,,,,,,
DC Road Runners Club,,Arlington,VA,22210,,https://dcroadrunners.org/privacy-policy/,,,,,,,,,,,
Endeavor Running CO.,,Virginia Beach,VA,23451,,http://www.runendeavor.com,,,,,,,,,,,
Endeavor Running CO. Virgina,,Virginia Beach,VA,23456,,,,,,,,,,,,,
Fork Union Track Club,,Williamsburg,VA,23188,,https://ForkUnionTrack.com,,,,,,,,,,,
Fredericksburg Area Running Club,,Fredericksburg,VA,22402,,,,,,,,,,,,,
Freedom Hill Kids Run the Nation,,Vienna,VA,22182,,,,,,,,,,,,,
Glebe Spring 2016,,Arlington,VA,22207,,,,,,,,,,,,,
"Greater Williamsburg Distance Running Club, Pole Vault, Throws, Sprints/Jumps",,Williamsburg,VA,23188,,,,,,,,,,,,,
Half Marathon Training Program,,Winchester,VA,22601,,http://www.runnersretreat.com,,,,,,,,,,,
Half Marathon Training Program,,Winchester,VA,22601,,http://www.runnersretreat.com,,,,,,,,,,,
Highland Park Garden Club,,Richmond,VA,23222,,,,,,,,,,,,,
Kids Run the Nation Program Template,,Arlington,VA,22209,,http://www.RRCA.org/programs/kids-run-the-nation-program/,,,,,,,,,,,
Kids Run the Nation Program Template,,Arlington,VA,22209,,http://www.RRCA.org/programs/kids-run-the-nation-program/,,,,,,,,,,,
Kids Run the Nation SAMPLE,,Arlington,VA,22209,,http://www.rrca.org/programs/kids-run-the-nation-program/,,,,,,,,,,,
Kingstowne Striders,,Alexandria,VA,22315,,,,,,,,,,,,,
Knights in Motion,,Arlington,VA,22209,,,,,,,,,,,,,
KRTT Track and Field,,Woodbridge,VA,22191,,https://www.kidsrunthistown.org/trackteam,,,,,,,,,,,
Lake Ridge RidgeRunners Club,,Woodbridge,VA,22192,,http://www.lakeridgerunners.com,,,,,,,,,,,
Loudoun Road Runners,,Leesburg,VA,20177,,,,,,,,,,,,,
Loudoun Street Mile Training,,Winchester,VA,22601,,http://www.runnersretreat.com,,,,,,,,,,,
Lynchburg Road Runners Club,,Lynchburg,VA,24505,,,,,,,,,,,,,
Marathon Charity Cooperation,,Alexandria,VA,22314,,http://www.mc-coop.org,,,,,,,,,,,
Matt&#039;s Minions,,Reston,VA,20190,,http://www.bodiesinmotionpt.com/running-assessments,,,,,,,,,,,
No Regrets Coaching,,Fort Monroe,VA,23651,,http://www.gretahawkins.com,,,,,,,,,,,
not sure,,Chantilly,VA,20152,,,,,,,,,,,,,
Online Training Program - Foot Levelers Blue Ridge Marathon &amp; Half Marathon,,Roanoke,VA,24018,,,,,,,,,,,,,
Pack Training Team,,Virginia Beach,VA,23454,,,,,,,,,,,,,
Patriot Run Club,,Bristow,VA,20136,,,,,,,,,,,,,
Peaks View Pacers,,Forest,VA,24551,,http://www.peaksviewpacers.com,,,,,,,,,,,
Peninsula Track Club,,Newport News,VA,23601,,,,,,,,,,,,,
PR RunFit,,NOVA,VA,22180,,,,,,,,,,,,,
PR Track Club Arlington,,Arlington,VA,22201,,,,,,,,,,,,,
Richmond Road Runners Club,,Richmond,VA,23226,,,,,,,,,,,,,
Richmond Triathlon Club,,Midlothian,VA,23113,,,,,,,,,,,,,
River Rats,,Richmond,VA,23219,,,,,,,,,,,,,
RRCA Coaching,,Arlington,VA,22209,,,,,,,,,,,,,
RRCA National Mileage Log,,Arlington,VA,22209,,http://www.rrca.org,,,,,,,,,,,
Run with Coach Erin,,Alexandria,VA,22302,,,,,,,,,,,,,
Runner In Training,,Stephens City,VA,22655,,http://www.runnerintraining.com,,,,,,,,,,,
Shenandoah Valley Runners,,Winchester,VA,22604,,,,,,,,,,,,,
Shenandoah Valley Track Club,,Harrisonburg,VA,22803,,,,,,,,,,,,,
Social Stride FXBG,,Fredericksburg,VA,22401,,https://get.groupspot.app/q8161,,,,,,,,,,,
SpeakUp Race Team,,Henrico,VA,23238,,http://www.speakupraceteam.com,,,,,,,,,,,
Star City Striders,,Roanoke,VA,24014,,,,,,,,,,,,,
Testing,,Newport News,VA,23608,,,,,,,,,,,,,
Thank You: Fans!,,Richmond,VA,23230,,,,,,,,,,,,,
The Algonkian Running Club,,Sterling,VA,20165,,,,,,,,,,,,,
The Lovelee Runner,,Fredericksburg,VA,22407,,http://www.theloveleerunner.com,,,,,,,,,,,
The New Kids Club,,Glen Allen,VA,23060,,,,,,,,,,,,,
The Running Store Individual Coaching,,Gainesville,VA,23453,,http://therunningstoreteam.com,,,,,,,,,,,
Tidewater Striders Plus 2025,,Virginia Beach,VA,23451,,,,,,,,,,,,,
Tidewater Striders Plus 2026,,Virginia Beach,VA,23451,,,,,,,,,,,,,
Tri-Cities Road Runners,,Petersburg,VA,23805,,http://www.tricitiesroadrunners.org,,,,,,,,,,,
Tri-Cities Road Runners Youth Club,,Colonial Heights,VA,23834,,http://tricitiesroadrunners.org,,,,,,,,,,,
VA Running Coach,,Fredericksburg,VA,22407,,,,,,,,,,,,,
Virginia RRCA,,LYNCHBURG,VA,24501,,,,,,,,,,,,,
Virginia Track Coaches Association,,North Chesterfield,VA,23235,,https://forms.gle/2PKyx2RDqHCkgBw18,,,,,,,,,,,
VSUAA - Greater Petersburg Area Alumni Chapter,,Virginia State University,VA,23806,,,,,,,,,,,,,
Woodbridge Spanish,,Woodbridge,VA,22193,,,,,,,,,,,,,
You can find me in da,,Richmond,VA,23230,,,,,,,,,,,,,
Youth Tidewater Striders Plus 2025,,Virginia Beach,VA,23451,,,,,,,,,,,,,
Rain Bear Running Club,,PORT ANGELES,WA,98390,,,,,,,,,,,,,
Club Oly Road Runners,,Olympia,WA,98501,,,,,,,,,,,,,
Club Oly Road Runners Legacy (25),,Olympia,WA,98501,,,,,,,,,,,,,
Columbia Gorge Running Club,,Stevenson,WA,98648,,,,,,,,,,,,,
Cool Kids Gang,,Kent,WA,98042,,,,,,,,,,,,,
Down To Run?,,Olympia,WA,98501,,,,,,,,,,,,,
Every Mile Coaching,,Pasco,WA,99301,,http://everymilecoaching.com,,,,,,,,,,,
FGS Coaching,,Edmonds,WA,98020,,,,,,,,,,,,,
FNR Spokane,,Spokane,WA,99207,,,,,,,,,,,,,
Grateful Heart Adventures,,Renton,WA,98059,,http://gratefulheartadventures.com,,,,,,,,,,,
Happy Pace by Mary,,newcastle,WA,98056,,,,,,,,,,,,,
Hard Core Runners,,Yakima,WA,98907,,,,,,,,,,,,,
Helen Keller Cobra Running Club,,KIRKLAND,WA,98122,,,,,,,,,,,,,
Oly Trailrunners,,Olympia,WA,98502,,,,,,,,,,,,,
Plant Strong Running,,Seattle,WA,98119,,,,,,,,,,,,,
Process Performance RC LLC.,,Shelton,WA,98584,,,,,,,,,,,,,
Race to Remember,,Vancouver,WA,98687,,http://www.racetoremember.com,,,,,,,,,,,
Raise The Bar,,Kent,WA,98042,,,,,,,,,,,,,
Redmond Roots Run Club,,Redmond,WA,98052,,http://www.redmondrootschiropractic.com,,,,,,,,,,,
RNR Performance and Running,,Puyallup,WA,98375,,,,,,,,,,,,,
Run 2 Be Fit. LLC,,Everett,WA,98201,,http://www.run2befit.com,,,,,,,,,,,
Run Super Tribe &quot;Virtual Training and Racing&quot;,,Anywhere,WA,98406,,http://www.runsuperseries.com,,,,,,,,,,,
Spartan Kids Run the Nation,,Camano Island,WA,98282,,,,,,,,,,,,,
TCMA Group Training,,Tacoma,WA,98402,,,,,,,,,,,,,
Ten Trails Active Club,,Black Diamond,WA,98010,,https://linktr.ee/tentrailsactiveclub,,,,,,,,,,,
Trailstrong Running,,Olympia,WA,98501,,http://www.trailstrongrunning.com,,,,,,,,,,,
Ultra Madness,,Tacoma,WA,98409,,,,,,,,,,,,,
WHY Racing Events Annual Pass,,La Center,WA,98685,,,,,,,,,,,,,
Your Story Fitness,,La Center,WA,98629,,http://www.yourstoryfitness.com,,,,,,,,,,,
Genesis Grads,,Charleston,WV,25302,,http://Genesisrunning.info ,,,,,,,,,,,
"Kanawha Running Club, Inc",,Charleston,WV,25311,,http://www.kanawharunningclub.org,,,,,,,,,,,
"Kanawha Running Club, INC",,Charleston,WV,25304,,,,,,,,,,,,,
Marion County Running &amp; Walking Club,,Fairmont,WV,26554,,,,,,,,,,,,,
Matewan Tigers Movers and Shakers,,Williamson,WV,25661,,,,,,,,,,,,,
Meeks Mountain Trail Alliance,,Hurricane,WV,25526,,,,,,,,,,,,,
Morgantown Road Runners/WV Track Club,,Morgantown,WV,26505,,,,,,,,,,,,,
River City Runners and Walkers Club,,Parkersburg,WV,26104,,,,,,,,,,,,,
Southern West Virginia Road Runners Club,,Peterstown,WV,24963,,,,,,,,,,,,,
Tug Valley Road Runners Club,,Williamson,WV,25661,,,,,,,,,,,,,
West Virginia Mountain Trail Runners,,Helvetia,WV,26224,,,,,,,,,,,,,
Wheels for Work and Play,,Hurricane,WV,25526,,,,,,,,,,,,,
WVU Running Club,,Morgantown,WV,26505,,http://runningclub.orgs.wvu.edu,,,,,,,,,,,
INDIANHEAD TRACK CLUB,,Eau Claire,WI,54701,,,,,,,,,,,,,
Badgerland Striders,,Butler,WI,53007,,,,,,,,,,,,,
Barn Junior Racing Team,,Hartland,WI,53029,,,,,,,,,,,,,
Birchleggings Club Membership,,Hayward,WI,54843,,,,,,,,,,,,,
Chippewa Valley Facility Engineers,,Boyceville,WI,54725,,,,,,,,,,,,,
Ignite Fitness Running Team,,Ashland,WI,54806,,http://www.ignitefitnessstudio.com,,,,,,,,,,,
Momentum Track Club,,Janesville,WI,53545,,,,,,,,,,,,,
Monroe Running Club,,Monroe,WI,53566,,,,,,,,,,,,,
"Price Area Trail Hub, Inc.",,Phillips,WI,54555,,,,,,,,,,,,,
sTRIve Triathlon Club,,Racine,WI,53405,,http://www.strivetriclub.com,,,,,,,,,,,
sTRIve Triathlon Club,,Pleasant Prairie,WI,53158,,http://strivetriclub.org,,,,,,,,,,,
Tri-State Terrapins,,Dickeyville,WI,53808,,,,,,,,,,,,,
Watertown Area Bike Club,,Watertown,WI,53098,,http://www.watertownsharetheroad.org,,,,,,,,,,,
Wausau Nordic Ski Club,,Wausau,WI,54402,,,,,,,,,,,,,
